,year,sex,region,0 - 4 years,10 - 14 years,15 - 19 years,20 - 24 years,25 - 29 years,30 - 34 years,35 - 39 years,40 - 44 years,45 - 49 years,5 - 9 years,50 - 54 years,55 - 59 years,60 - 64 years,65 - 69 years,70 - 74 years,75 - 79 years,80 - 84 years,85 years and over,All ages
0,2011,Both sexes,Border,30.7,28.1,25.9,23.8,26.3,29.1,28.7,27.7,26.1,28.4,24.0,22.0,20.2,16.1,12.1,9.7,6.9,6.3,391.9
1,2011,Both sexes,Dublin,93.3,72.8,72.0,93.6,125.9,127.2,103.7,87.4,79.4,78.6,71.4,62.4,55.2,43.3,34.8,27.2,18.7,14.6,1261.5
2,2011,Both sexes,Mid-East,58.5,46.9,40.7,39.7,47.8,56.4,56.9,51.4,45.4,52.4,38.2,33.0,28.7,22.2,15.0,10.8,7.2,6.3,657.4
3,2011,Both sexes,Mid-West,35.0,32.0,29.9,29.3,32.7,36.2,35.3,33.4,31.5,32.4,29.2,26.6,24.4,19.2,14.4,11.2,7.8,6.3,466.8
4,2011,Both sexes,Midland,23.9,20.4,18.1,17.4,21.0,23.0,22.0,20.7,18.8,21.9,17.0,14.9,13.0,10.3,7.6,6.1,4.2,3.5,283.8
5,2011,Both sexes,South-East,32.0,28.5,25.9,24.9,28.2,32.4,31.5,29.9,28.3,30.1,25.3,22.5,20.2,16.7,12.6,9.7,6.3,5.3,410.3
6,2011,Both sexes,South-West,50.1,43.3,40.8,42.0,49.2,54.5,51.6,47.7,45.5,44.9,40.9,36.7,33.0,26.4,20.1,15.8,10.9,8.9,662.3
7,2011,Both sexes,State,356.0,301.0,281.0,298.6,362.9,393.4,363.1,329.3,304.1,319.6,273.7,243.4,217.1,172.1,130.1,101.4,69.8,58.2,4574.9
8,2011,Both sexes,West,32.6,29.0,27.9,28.1,31.7,34.6,33.3,31.2,29.2,30.8,27.7,25.3,22.5,17.9,13.4,10.8,7.8,7.0,440.8
9,2011,Female,Border,15.0,13.6,12.6,11.8,13.4,14.6,14.2,13.6,13.0,13.7,12.0,10.7,9.8,7.7,6.1,5.1,3.9,4.2,194.9
10,2011,Female,Dublin,45.7,35.2,35.1,47.9,65.5,64.3,51.9,43.9,41.1,38.6,36.9,32.5,28.5,22.8,18.9,15.6,11.7,10.3,646.2
11,2011,Female,Mid-East,28.7,22.8,19.8,20.0,25.1,28.8,28.7,25.5,22.5,25.4,19.0,16.4,14.2,11.0,7.7,5.8,4.3,4.4,330.1
12,2011,Female,Mid-West,17.0,15.7,14.6,14.4,16.6,18.0,17.5,16.5,15.7,16.0,14.3,13.1,12.0,9.6,7.3,5.9,4.5,4.3,233.2
13,2011,Female,Midland,11.6,10.0,8.9,8.6,10.8,11.6,10.9,10.2,9.3,10.8,8.2,7.2,6.4,5.1,3.9,3.2,2.5,2.3,141.4
14,2011,Female,South-East,15.6,13.9,12.8,12.4,14.6,16.4,15.7,14.8,14.1,14.7,12.6,11.1,9.9,8.3,6.3,5.1,3.6,3.5,205.6
15,2011,Female,South-West,24.6,21.2,20.1,21.0,25.5,27.5,25.4,23.5,22.6,21.9,20.3,18.2,16.2,13.3,10.4,8.6,6.4,6.1,332.7
16,2011,Female,State,174.1,146.6,137.4,149.9,187.8,198.5,181.2,163.4,152.9,156.2,137.1,121.6,107.9,86.5,67.2,55.0,41.5,39.8,2304.4
17,2011,Female,West,16.0,14.2,13.6,13.9,16.2,17.4,16.7,15.4,14.6,15.1,13.8,12.4,10.9,8.7,6.6,5.6,4.5,4.7,220.3
18,2011,Male,Border,15.8,14.5,13.3,12.0,12.8,14.5,14.5,14.0,13.1,14.7,12.1,11.3,10.4,8.4,6.0,4.7,2.9,2.1,197.0
19,2011,Male,Dublin,47.6,37.5,36.9,45.7,60.4,62.9,51.9,43.5,38.3,40.0,34.6,30.0,26.7,20.5,15.9,11.7,7.0,4.4,615.4
20,2011,Male,Mid-East,29.7,24.2,20.9,19.7,22.7,27.6,28.2,25.9,22.8,27.0,19.2,16.5,14.5,11.2,7.4,5.0,2.9,1.9,327.3
21,2011,Male,Mid-West,18.0,16.3,15.3,14.8,16.1,18.2,17.8,16.9,15.8,16.4,14.9,13.6,12.3,9.6,7.1,5.2,3.2,2.0,233.7
22,2011,Male,Midland,12.3,10.4,9.2,8.8,10.2,11.4,11.1,10.5,9.5,11.2,8.7,7.7,6.6,5.2,3.8,2.9,1.8,1.2,142.4
23,2011,Male,South-East,16.4,14.6,13.1,12.4,13.6,16.0,15.8,15.1,14.1,15.4,12.7,11.4,10.3,8.3,6.3,4.5,2.7,1.7,204.7
24,2011,Male,South-West,25.5,22.1,20.7,21.1,23.7,27.0,26.1,24.2,22.9,23.0,20.6,18.6,16.8,13.2,9.7,7.2,4.4,2.8,329.6
25,2011,Male,State,182.0,154.5,143.7,148.6,175.1,194.9,181.9,165.9,151.3,163.5,136.7,121.8,109.2,85.6,62.9,46.3,28.3,18.4,2270.5
26,2011,Male,West,16.6,14.8,14.2,14.1,15.6,17.3,16.6,15.8,14.7,15.7,13.9,12.8,11.6,9.2,6.8,5.2,3.3,2.3,220.5
27,2012,Both sexes,Border,30.7,28.0,26.2,22.1,24.9,28.9,28.8,27.8,26.3,28.7,24.3,22.4,20.3,17.1,12.3,9.9,7.0,6.4,392.1
28,2012,Both sexes,Dublin,94.0,73.6,70.0,89.1,117.7,127.6,104.0,88.9,79.5,80.6,72.7,63.4,56.0,45.6,35.3,28.0,19.4,15.3,1260.6
29,2012,Both sexes,Mid-East,58.6,48.1,41.3,37.3,45.1,56.6,57.3,52.9,46.7,53.3,39.4,34.1,29.2,23.7,15.8,11.3,7.4,6.5,664.7
30,2012,Both sexes,Mid-West,35.1,32.0,30.5,29.4,31.2,36.3,35.6,33.9,31.9,33.0,29.4,26.9,24.6,20.3,14.8,11.4,7.9,6.5,470.6
31,2012,Both sexes,Midland,24.4,21.1,18.1,15.8,20.7,23.4,22.5,21.4,19.0,22.5,17.0,15.1,13.1,10.9,7.7,6.4,4.2,3.6,287.2
32,2012,Both sexes,South-East,32.0,29.0,26.3,24.0,26.8,31.9,31.5,29.9,28.7,30.4,25.7,22.8,20.4,17.4,12.9,9.9,6.6,5.4,411.6
33,2012,Both sexes,South-West,50.5,43.6,41.4,41.4,45.8,54.7,52.2,48.5,45.8,45.9,41.7,37.3,33.4,28.0,20.7,16.1,11.2,9.1,667.4
34,2012,Both sexes,State,358.2,304.5,281.5,285.1,341.5,394.0,365.2,334.6,307.7,325.3,278.2,248.0,219.9,181.6,133.1,103.9,71.5,59.8,4593.7
35,2012,Both sexes,West,32.8,29.2,27.6,25.9,29.1,34.6,33.3,31.3,29.8,30.9,27.9,25.8,22.9,18.6,13.7,10.9,7.9,7.1,439.4
36,2012,Female,Border,14.9,13.6,12.5,10.5,12.6,14.7,14.3,13.7,13.1,13.9,12.2,11.0,9.9,8.2,6.1,5.2,3.9,4.3,194.4
37,2012,Female,Dublin,46.2,35.7,34.0,46.1,62.3,65.2,52.5,44.8,40.9,39.7,37.4,33.0,29.0,24.0,19.1,16.0,12.0,10.6,648.5
38,2012,Female,Mid-East,28.9,23.1,20.2,19.3,23.6,29.1,28.9,26.3,23.2,25.9,19.7,17.0,14.6,11.7,8.0,6.1,4.3,4.6,334.5
39,2012,Female,Mid-West,17.1,15.8,14.7,13.9,15.9,18.2,17.6,16.8,16.0,16.3,14.6,13.3,12.2,10.1,7.5,6.0,4.5,4.4,234.8
40,2012,Female,Midland,11.9,10.3,9.1,8.4,10.7,11.9,11.2,10.5,9.4,11.0,8.3,7.4,6.4,5.4,3.9,3.3,2.4,2.3,143.8
41,2012,Female,South-East,15.5,14.1,12.9,12.2,13.9,16.2,15.6,14.8,14.5,14.8,12.9,11.3,10.1,8.7,6.4,5.2,3.7,3.6,206.7
42,2012,Female,South-West,24.9,21.3,20.2,20.3,24.0,27.8,25.8,24.1,22.7,22.3,20.8,18.5,16.5,14.0,10.7,8.8,6.6,6.3,335.5
43,2012,Female,State,175.4,148.3,137.2,143.6,178.1,200.8,182.9,166.6,154.7,159.0,139.9,124.2,109.8,91.0,68.5,56.1,41.9,40.8,2318.7
44,2012,Female,West,16.0,14.3,13.4,12.9,15.2,17.7,16.9,15.7,14.8,15.1,14.0,12.7,11.2,8.9,6.8,5.6,4.5,4.8,220.5
45,2012,Male,Border,15.8,14.5,13.6,11.6,12.4,14.2,14.4,14.1,13.2,14.9,12.1,11.4,10.4,8.9,6.2,4.7,3.1,2.1,197.7
46,2012,Male,Dublin,47.8,37.8,36.0,43.0,55.4,62.4,51.5,44.1,38.6,40.9,35.3,30.5,27.0,21.6,16.1,12.1,7.4,4.6,612.2
47,2012,Male,Mid-East,29.7,25.0,21.1,18.1,21.6,27.5,28.4,26.6,23.4,27.4,19.7,17.1,14.6,12.0,7.8,5.2,3.1,2.0,330.2
48,2012,Male,Mid-West,18.0,16.2,15.8,15.4,15.3,18.1,18.0,17.1,15.9,16.7,14.9,13.6,12.4,10.2,7.3,5.4,3.4,2.1,235.8
49,2012,Male,Midland,12.5,10.8,9.1,7.5,10.1,11.5,11.4,10.9,9.6,11.5,8.7,7.8,6.7,5.5,3.8,3.1,1.8,1.2,143.4
50,2012,Male,South-East,16.5,14.8,13.4,11.8,12.9,15.8,15.9,15.1,14.2,15.5,12.8,11.6,10.3,8.7,6.5,4.6,2.9,1.8,204.9
51,2012,Male,South-West,25.6,22.3,21.2,21.1,21.9,26.8,26.3,24.4,23.1,23.6,20.9,18.8,16.9,14.0,10.0,7.4,4.6,2.8,331.9
52,2012,Male,State,182.7,156.3,144.3,141.5,163.4,193.3,182.3,168.0,153.0,166.4,138.3,123.8,110.1,90.6,64.6,47.8,29.6,19.0,2275.0
53,2012,Male,West,16.8,14.9,14.1,13.1,13.9,16.9,16.4,15.6,15.0,15.8,13.9,13.1,11.7,9.7,7.0,5.3,3.5,2.3,219.0
54,2013,Both sexes,Border,30.2,28.0,26.3,21.0,24.1,28.9,29.0,28.1,26.5,29.5,24.4,22.3,20.5,17.8,12.9,9.9,7.2,6.5,393.1
55,2013,Both sexes,Dublin,92.7,73.9,70.0,86.3,113.1,128.3,106.3,91.4,79.4,82.0,73.7,63.9,56.7,47.5,36.3,28.6,19.9,15.8,1265.9
56,2013,Both sexes,Mid-East,57.8,49.5,42.3,36.7,40.4,55.0,56.4,53.7,47.2,55.1,40.4,34.6,29.5,24.9,16.9,11.8,7.6,6.7,666.4
57,2013,Both sexes,Mid-West,34.4,31.9,30.5,27.8,29.5,36.0,35.5,34.4,32.3,33.8,29.8,27.2,24.9,21.3,15.3,11.7,8.1,6.5,470.7
58,2013,Both sexes,Midland,23.9,21.3,18.9,16.4,18.9,23.1,22.4,21.6,19.6,23.0,17.4,15.5,13.5,11.4,8.1,6.5,4.3,3.5,289.3
59,2013,Both sexes,South-East,31.4,29.4,26.6,23.0,25.7,31.5,31.5,30.7,28.8,30.7,26.5,23.3,20.7,18.2,13.5,10.1,6.8,5.5,413.7
60,2013,Both sexes,South-West,50.1,44.1,42.2,41.7,43.4,54.4,52.8,49.4,46.0,47.3,42.6,37.9,34.0,29.4,21.4,16.6,11.6,9.1,673.8
61,2013,Both sexes,State,353.0,307.9,284.4,278.9,321.8,391.4,366.8,341.0,310.1,333.0,282.8,251.1,223.2,190.0,138.7,106.4,73.4,60.7,4614.7
62,2013,Both sexes,West,32.6,29.8,27.6,26.0,26.8,34.1,33.1,31.7,30.2,31.7,28.1,26.4,23.4,19.6,14.3,11.1,8.0,7.2,441.7
63,2013,Female,Border,14.7,13.7,12.8,10.8,11.8,14.7,14.4,13.8,13.3,14.2,12.2,11.1,10.0,8.6,6.3,5.2,4.0,4.3,195.7
64,2013,Female,Dublin,45.8,36.5,33.8,43.1,60.0,66.0,53.8,46.0,40.6,39.9,37.9,33.2,29.4,24.8,19.6,16.2,12.2,11.0,649.7
65,2013,Female,Mid-East,28.5,23.9,20.7,18.8,20.9,28.5,28.6,26.8,23.6,26.8,20.2,17.4,14.8,12.4,8.6,6.3,4.4,4.6,335.8
66,2013,Female,Mid-West,16.8,15.9,14.8,13.5,14.8,18.1,17.5,17.0,16.1,16.6,14.8,13.5,12.2,10.6,7.8,6.1,4.5,4.4,235.2
67,2013,Female,Midland,11.6,10.4,9.4,8.5,9.8,11.8,11.2,10.7,9.7,11.2,8.5,7.6,6.5,5.7,4.1,3.4,2.5,2.3,144.8
68,2013,Female,South-East,15.3,14.4,13.0,11.4,13.3,16.0,15.8,15.2,14.5,14.9,13.3,11.5,10.3,9.0,6.7,5.3,3.8,3.7,207.4
69,2013,Female,South-West,24.5,21.4,20.5,20.0,22.7,27.9,26.2,24.7,22.9,23.2,21.2,18.8,16.8,14.6,11.1,8.9,6.8,6.3,338.7
70,2013,Female,State,173.1,150.8,138.5,138.8,167.1,200.6,184.2,170.1,155.7,162.3,142.2,126.0,111.7,95.1,71.3,57.2,42.5,41.4,2328.5
71,2013,Female,West,15.9,14.7,13.4,12.6,13.8,17.7,16.8,16.0,14.9,15.5,14.0,13.1,11.5,9.4,7.1,5.7,4.5,4.8,221.2
72,2013,Male,Border,15.5,14.3,13.6,10.2,12.4,14.3,14.6,14.3,13.3,15.2,12.1,11.3,10.5,9.2,6.6,4.7,3.2,2.2,197.4
73,2013,Male,Dublin,46.9,37.4,36.2,43.1,53.1,62.3,52.6,45.4,38.8,42.1,35.9,30.8,27.3,22.7,16.7,12.3,7.8,4.9,616.2
74,2013,Male,Mid-East,29.3,25.6,21.5,17.9,19.5,26.5,27.8,27.0,23.6,28.3,20.1,17.3,14.7,12.5,8.3,5.5,3.2,2.1,330.6
75,2013,Male,Mid-West,17.6,16.0,15.7,14.3,14.7,17.9,17.9,17.4,16.2,17.1,14.9,13.7,12.6,10.7,7.6,5.6,3.5,2.1,235.5
76,2013,Male,Midland,12.3,10.9,9.5,7.8,9.0,11.4,11.2,10.9,9.9,11.9,8.9,7.9,7.0,5.7,4.0,3.1,1.9,1.2,144.4
77,2013,Male,South-East,16.1,15.0,13.6,11.6,12.4,15.5,15.8,15.5,14.3,15.8,13.2,11.8,10.4,9.1,6.7,4.8,3.0,1.8,206.3
78,2013,Male,South-West,25.6,22.8,21.6,21.7,20.6,26.4,26.5,24.7,23.1,24.1,21.4,19.1,17.2,14.7,10.3,7.7,4.8,2.8,335.1
79,2013,Male,State,180.0,157.1,145.9,140.1,154.7,190.7,182.7,170.9,154.4,170.7,140.6,125.1,111.5,94.9,67.4,49.2,30.8,19.3,2286.1
80,2013,Male,West,16.7,15.1,14.2,13.4,12.9,16.5,16.3,15.7,15.3,16.2,14.0,13.3,11.9,10.3,7.3,5.4,3.5,2.3,220.5
81,2014,Both sexes,Border,29.3,28.1,26.6,20.4,22.1,28.0,28.8,28.0,26.7,29.9,24.9,22.6,20.8,18.4,13.4,10.2,7.4,6.5,392.0
82,2014,Both sexes,Dublin,91.6,74.0,72.7,88.4,110.4,127.2,110.5,94.9,80.2,85.4,75.4,65.2,57.5,49.2,37.2,29.3,20.7,16.6,1286.4
83,2014,Both sexes,Mid-East,56.6,50.5,43.1,34.9,38.3,53.2,56.4,54.9,48.3,56.8,41.9,35.3,30.1,25.9,18.1,12.3,7.9,6.9,671.4
84,2014,Both sexes,Mid-West,33.3,32.0,31.1,28.1,27.3,34.9,35.3,34.7,32.3,34.7,30.2,27.6,25.0,22.2,16.0,12.1,8.4,6.6,471.8
85,2014,Both sexes,Midland,23.3,21.5,19.2,16.3,17.5,22.4,22.2,21.5,19.9,23.4,17.9,15.8,13.8,11.9,8.5,6.6,4.5,3.6,289.8
86,2014,Both sexes,South-East,30.3,29.6,26.7,21.7,24.4,30.5,31.7,30.9,28.9,31.2,27.0,23.7,21.1,18.6,14.1,10.4,7.0,5.6,413.5
87,2014,Both sexes,South-West,49.0,44.3,43.2,41.3,41.4,53.4,53.9,50.5,46.2,48.7,43.5,38.7,34.4,30.5,22.3,16.8,11.9,9.4,679.5
88,2014,Both sexes,State,345.4,310.1,290.6,276.6,305.9,382.5,371.6,347.4,312.6,342.1,289.2,255.7,226.4,197.2,144.4,109.1,76.1,62.7,4645.4
89,2014,Both sexes,West,31.9,29.9,28.0,25.7,24.4,32.9,32.8,32.0,30.1,32.1,28.4,26.8,23.8,20.5,14.9,11.3,8.3,7.4,441.1
90,2014,Female,Border,14.3,13.8,13.0,10.6,11.0,14.3,14.4,13.9,13.2,14.4,12.5,11.3,10.2,8.9,6.5,5.3,4.0,4.3,196.1
91,2014,Female,Dublin,45.1,36.2,35.1,43.8,57.8,65.7,55.9,47.9,41.0,41.7,38.8,33.9,29.8,25.7,20.0,16.6,12.5,11.4,658.7
92,2014,Female,Mid-East,28.1,24.6,21.0,17.7,20.1,27.7,29.0,27.6,24.1,27.8,21.1,17.7,15.1,12.9,9.1,6.5,4.5,4.7,339.1
93,2014,Female,Mid-West,16.3,15.9,15.2,13.7,14.0,17.8,17.7,17.5,16.1,17.0,15.1,13.7,12.3,11.1,8.1,6.3,4.7,4.5,236.9
94,2014,Female,Midland,11.4,10.6,9.6,8.4,9.2,11.6,11.2,10.8,9.8,11.4,8.8,7.7,6.7,5.9,4.3,3.4,2.5,2.4,145.6
95,2014,Female,South-East,14.7,14.5,13.0,10.7,12.7,15.7,16.1,15.5,14.4,15.1,13.6,11.7,10.4,9.3,7.0,5.5,3.9,3.7,207.6
96,2014,Female,South-West,23.8,21.4,21.0,19.8,21.8,27.6,27.1,25.2,23.0,24.0,21.7,19.3,17.2,15.1,11.5,8.9,6.9,6.5,341.6
97,2014,Female,State,169.3,151.6,141.4,137.3,158.7,197.6,187.8,174.4,156.5,167.0,145.8,128.5,113.4,98.7,74.0,58.4,43.5,42.4,2346.4
98,2014,Female,West,15.5,14.7,13.6,12.6,12.1,17.1,16.5,16.1,14.9,15.7,14.2,13.3,11.8,9.8,7.4,5.8,4.5,5.0,220.7
99,2014,Male,Border,15.0,14.3,13.6,9.8,11.1,13.7,14.4,14.0,13.4,15.4,12.4,11.3,10.6,9.5,6.9,4.9,3.3,2.2,195.9
100,2014,Male,Dublin,46.5,37.9,37.6,44.6,52.6,61.5,54.6,47.0,39.2,43.7,36.6,31.3,27.7,23.5,17.2,12.7,8.2,5.2,627.7
101,2014,Male,Mid-East,28.6,26.0,22.1,17.2,18.2,25.4,27.5,27.3,24.2,29.0,20.8,17.6,15.0,13.0,9.0,5.8,3.4,2.2,332.2
102,2014,Male,Mid-West,16.9,16.1,15.9,14.3,13.3,17.0,17.6,17.3,16.2,17.7,15.1,13.9,12.7,11.1,7.9,5.8,3.7,2.1,234.8
103,2014,Male,Midland,11.9,10.9,9.7,7.9,8.4,10.8,11.0,10.7,10.1,12.0,9.1,8.1,7.0,6.0,4.2,3.1,2.0,1.2,144.3
104,2014,Male,South-East,15.6,15.1,13.7,11.0,11.7,14.9,15.6,15.4,14.5,16.0,13.4,12.0,10.6,9.3,7.0,4.9,3.1,1.9,205.9
105,2014,Male,South-West,25.2,22.9,22.2,21.5,19.6,25.8,26.8,25.3,23.2,24.7,21.8,19.4,17.3,15.4,10.8,7.9,5.1,3.0,337.8
106,2014,Male,State,176.0,158.4,149.1,139.4,147.2,184.9,183.8,172.9,156.1,175.1,143.4,127.2,112.9,98.5,70.4,50.7,32.6,20.3,2299.0
107,2014,Male,West,16.4,15.3,14.4,13.1,12.2,15.7,16.3,15.9,15.2,16.4,14.2,13.5,12.0,10.7,7.5,5.6,3.7,2.4,220.4
108,2015,Both sexes,Border,28.5,28.3,26.9,20.4,20.5,26.7,28.7,27.8,26.9,30.5,25.3,23.0,21.1,18.9,14.0,10.3,7.5,6.6,391.9
109,2015,Both sexes,Dublin,92.0,76.5,74.9,90.8,110.4,124.6,115.7,97.8,82.4,88.8,77.0,67.2,58.5,50.9,38.4,30.3,21.6,17.5,1315.3
110,2015,Both sexes,Mid-East,55.0,51.6,44.3,35.3,37.6,50.9,57.2,56.1,49.0,57.9,43.4,35.9,30.9,26.7,19.3,12.8,8.3,7.1,679.3
111,2015,Both sexes,Mid-West,32.3,32.1,31.6,27.7,26.3,33.3,35.6,35.0,32.6,35.1,30.8,27.9,25.4,22.9,16.8,12.5,8.6,6.8,473.4
112,2015,Both sexes,Midland,22.5,21.7,19.4,15.5,17.0,21.9,22.8,21.7,20.2,23.7,18.3,16.1,14.0,12.3,9.0,6.7,4.7,3.7,291.1
113,2015,Both sexes,South-East,29.8,29.9,27.5,21.5,23.1,29.0,31.9,31.0,29.1,31.7,27.6,24.2,21.5,19.3,14.7,10.7,7.3,5.8,415.6
114,2015,Both sexes,South-West,46.7,44.2,43.1,39.5,39.8,51.2,54.3,51.0,46.8,49.3,44.4,39.4,35.2,31.2,23.2,17.4,12.3,9.9,678.9
115,2015,Both sexes,State,337.9,314.4,296.1,275.5,298.7,369.2,379.8,353.0,317.0,349.3,295.2,260.6,230.8,203.6,150.8,112.2,78.8,64.9,4687.8
116,2015,Both sexes,West,31.1,30.2,28.3,24.8,23.9,31.5,33.5,32.5,30.1,32.3,28.5,26.8,24.3,21.3,15.5,11.6,8.5,7.6,442.2
117,2015,Female,Border,13.9,13.7,13.1,10.2,10.5,13.9,14.7,14.0,13.4,14.8,12.7,11.5,10.4,9.2,6.8,5.4,4.1,4.3,196.5
118,2015,Female,Dublin,45.2,37.3,36.4,45.3,57.3,64.2,58.3,49.3,42.0,43.3,39.7,35.0,30.4,26.7,20.7,16.9,12.9,11.9,672.8
119,2015,Female,Mid-East,27.0,25.0,21.5,17.6,19.8,26.9,29.5,28.4,24.5,28.4,21.8,18.0,15.6,13.4,9.7,6.7,4.7,4.8,343.2
120,2015,Female,Mid-West,16.0,15.9,15.4,13.4,13.7,17.3,18.0,17.8,16.1,17.1,15.4,13.8,12.5,11.5,8.5,6.5,4.8,4.6,238.3
121,2015,Female,Midland,11.0,10.7,9.6,7.5,8.9,11.5,11.5,10.9,9.8,11.6,9.0,7.9,6.8,6.1,4.5,3.5,2.5,2.4,145.8
122,2015,Female,South-East,14.4,14.6,13.4,10.3,12.2,15.2,16.4,15.7,14.5,15.4,13.9,12.0,10.5,9.6,7.4,5.6,4.0,3.8,209.0
123,2015,Female,South-West,22.9,21.5,21.2,19.5,20.7,26.9,27.6,25.5,23.4,24.3,22.3,19.7,17.6,15.5,11.9,9.2,7.0,6.7,343.3
124,2015,Female,State,165.6,153.6,144.1,135.6,155.0,192.2,192.9,178.0,158.6,170.8,149.1,131.3,115.9,102.3,77.2,59.7,44.7,43.5,2370.1
125,2015,Female,West,15.1,14.8,13.7,11.8,11.9,16.4,16.9,16.4,15.0,15.9,14.4,13.4,12.0,10.3,7.7,5.9,4.7,5.0,221.3
126,2015,Male,Border,14.6,14.5,13.9,10.3,10.0,12.8,14.1,13.8,13.5,15.7,12.6,11.5,10.7,9.7,7.2,5.0,3.4,2.2,195.4
127,2015,Male,Dublin,46.8,39.1,38.5,45.5,53.1,60.4,57.4,48.5,40.4,45.5,37.3,32.2,28.1,24.3,17.7,13.4,8.7,5.6,642.5
128,2015,Male,Mid-East,27.9,26.6,22.9,17.7,17.8,24.0,27.8,27.7,24.5,29.5,21.6,17.9,15.3,13.4,9.6,6.1,3.6,2.3,336.2
129,2015,Male,Mid-West,16.4,16.3,16.2,14.3,12.6,16.0,17.5,17.3,16.5,18.0,15.4,14.1,12.9,11.4,8.3,5.9,3.8,2.2,235.1
130,2015,Male,Midland,11.5,11.0,9.9,7.9,8.1,10.5,11.2,10.8,10.3,12.1,9.3,8.3,7.3,6.2,4.4,3.2,2.1,1.3,145.4
131,2015,Male,South-East,15.3,15.3,14.1,11.2,11.0,13.8,15.6,15.3,14.7,16.3,13.7,12.2,10.9,9.6,7.3,5.1,3.3,2.0,206.6
132,2015,Male,South-West,23.8,22.7,21.9,20.0,19.1,24.3,26.7,25.5,23.4,25.0,22.2,19.7,17.6,15.8,11.3,8.1,5.3,3.2,335.6
133,2015,Male,State,172.4,160.9,152.0,139.9,143.7,177.0,186.9,175.0,158.4,178.5,146.1,129.3,115.0,101.2,73.6,52.4,34.1,21.4,2317.7
134,2015,Male,West,16.0,15.4,14.6,13.0,11.9,15.1,16.6,16.1,15.1,16.4,14.2,13.3,12.3,11.0,7.8,5.7,3.8,2.6,220.9
135,2016,Both sexes,Border,27.6,28.3,26.9,19.8,20.1,25.6,29.1,28.1,27.2,30.8,25.5,23.6,21.5,19.4,14.9,10.6,7.6,6.8,393.3
136,2016,Both sexes,Dublin,91.4,77.9,76.5,89.2,111.8,123.5,120.2,99.6,85.7,90.6,77.3,69.6,59.8,51.9,40.3,30.7,21.8,18.2,1335.9
137,2016,Both sexes,Mid-East,52.8,52.4,46.3,36.7,37.1,49.9,58.1,56.9,50.6,59.1,44.6,37.2,31.9,27.5,20.6,13.3,8.7,7.3,690.9
138,2016,Both sexes,Mid-West,31.9,32.3,31.7,26.5,25.4,31.9,35.8,34.9,32.9,34.9,30.9,28.5,25.8,23.2,17.8,12.5,8.7,7.1,472.5
139,2016,Both sexes,Midland,21.8,21.9,19.7,15.6,16.4,21.3,23.3,21.6,20.4,24.2,18.6,16.7,14.6,12.5,9.5,6.6,4.8,3.9,293.4
140,2016,Both sexes,South-East,29.0,30.2,28.1,22.1,22.6,27.9,32.5,31.4,29.7,32.4,28.0,25.0,22.2,19.7,15.6,11.0,7.5,6.1,421.2
141,2016,Both sexes,South-West,46.5,45.1,43.6,38.9,39.1,49.6,54.7,51.3,47.6,50.5,44.8,40.3,35.8,32.0,24.7,17.6,12.6,10.2,685.0
142,2016,Both sexes,State,331.4,318.9,301.2,273.5,296.7,360.3,388.1,356.5,324.9,355.3,298.4,268.2,236.5,208.0,159.9,114.2,80.5,67.3,4739.6
143,2016,Both sexes,West,30.5,30.7,28.6,24.7,24.1,30.7,34.4,32.9,30.9,32.7,28.8,27.2,24.8,21.7,16.6,11.8,8.7,7.8,447.5
144,2016,Female,Border,13.4,13.7,13.0,9.7,10.3,13.4,14.9,14.1,13.5,15.0,12.8,11.9,10.6,9.5,7.2,5.4,4.2,4.4,196.9
145,2016,Female,Dublin,44.6,38.1,37.4,44.6,57.5,63.7,60.7,50.1,43.5,44.4,40.0,36.1,31.2,27.1,21.5,17.1,12.9,12.3,682.9
146,2016,Female,Mid-East,25.9,25.5,22.4,18.0,19.3,26.5,30.0,28.8,25.2,29.0,22.3,18.7,16.0,13.8,10.3,7.0,4.9,4.8,348.4
147,2016,Female,Mid-West,15.6,15.9,15.5,12.9,12.6,16.5,18.1,17.5,16.3,17.0,15.5,14.1,12.7,11.6,9.0,6.6,4.8,4.7,236.9
148,2016,Female,Midland,10.7,10.7,9.7,7.6,8.4,11.1,11.8,10.8,10.0,11.8,9.2,8.2,7.1,6.2,4.8,3.5,2.6,2.4,146.6
149,2016,Female,South-East,14.0,14.8,13.6,11.0,11.6,14.7,16.7,15.8,14.8,15.8,14.2,12.5,11.0,9.7,7.9,5.7,4.2,3.9,211.9
150,2016,Female,South-West,22.8,22.1,21.4,19.3,19.8,25.9,27.9,25.5,23.6,24.8,22.4,20.1,17.9,16.0,12.6,9.3,7.2,6.8,345.3
151,2016,Female,State,161.7,155.7,146.9,135.1,151.5,187.8,197.5,179.3,162.4,173.9,150.8,135.1,118.7,104.5,81.6,60.7,45.5,44.4,2393.1
152,2016,Female,West,14.8,15.0,14.0,12.0,12.1,16.0,17.5,16.6,15.4,16.1,14.4,13.7,12.2,10.6,8.2,6.0,4.8,5.1,224.3
153,2016,Male,Border,14.2,14.6,13.9,10.1,9.8,12.2,14.2,13.9,13.6,15.8,12.7,11.8,10.9,9.9,7.7,5.1,3.5,2.4,196.4
154,2016,Male,Dublin,46.8,39.8,39.1,44.6,54.3,59.8,59.5,49.4,42.1,46.2,37.3,33.5,28.5,24.7,18.8,13.6,8.9,5.9,653.0
155,2016,Male,Mid-East,26.9,26.9,23.9,18.7,17.8,23.4,28.1,28.0,25.3,30.1,22.3,18.6,15.9,13.7,10.2,6.3,3.8,2.5,342.5
156,2016,Male,Mid-West,16.3,16.5,16.2,13.6,12.7,15.4,17.7,17.4,16.6,17.9,15.4,14.5,13.1,11.6,8.7,5.9,3.9,2.4,235.6
157,2016,Male,Midland,11.1,11.2,10.0,8.0,8.1,10.2,11.5,10.8,10.4,12.4,9.4,8.5,7.5,6.3,4.7,3.2,2.2,1.4,146.8
158,2016,Male,South-East,15.0,15.5,14.5,11.1,11.0,13.2,15.8,15.6,14.9,16.6,13.8,12.5,11.2,10.0,7.6,5.3,3.3,2.2,209.3
159,2016,Male,South-West,23.7,23.0,22.2,19.6,19.3,23.7,26.8,25.7,24.0,25.7,22.5,20.2,18.0,16.1,12.1,8.2,5.4,3.4,339.7
160,2016,Male,State,169.7,163.1,154.4,138.4,145.2,172.5,190.6,177.2,162.5,181.4,147.7,133.1,117.7,103.4,78.4,53.5,34.9,23.0,2346.5
161,2016,Male,West,15.7,15.7,14.7,12.7,12.1,14.7,17.0,16.2,15.5,16.7,14.3,13.5,12.6,11.1,8.4,5.8,3.9,2.7,223.2
162,2017,Both sexes,Border,26.2,29.4,27.6,20.5,20.0,25.0,29.6,28.6,27.8,31.6,26.1,24.0,22.2,19.8,15.9,10.9,7.9,7.0,400.3
163,2017,Both sexes,Dublin,89.8,79.0,78.3,87.4,110.2,119.4,123.5,102.1,89.1,92.8,78.4,71.7,61.3,53.3,42.6,31.2,22.5,18.8,1351.5
164,2017,Both sexes,Mid-East,52.9,53.9,48.4,37.7,36.6,48.4,59.2,57.7,52.6,60.1,45.8,38.6,33.2,28.2,22.1,14.0,9.2,7.4,705.9
165,2017,Both sexes,Mid-West,30.3,33.0,32.1,27.5,25.4,31.2,36.3,35.6,33.6,35.4,31.5,29.1,26.5,23.9,19.0,13.0,9.2,7.6,480.2
166,2017,Both sexes,Midland,23.1,22.0,20.6,16.2,16.6,20.9,24.2,22.3,21.0,24.0,18.9,17.1,15.0,12.7,10.0,6.4,4.8,3.3,299.3
167,2017,Both sexes,South-East,27.5,30.8,28.7,22.6,22.4,27.2,32.7,31.9,30.2,32.7,28.6,25.8,22.9,20.2,16.5,11.5,7.9,6.4,426.5
168,2017,Both sexes,South-West,45.2,45.7,44.5,40.3,38.8,47.8,55.8,52.3,48.8,50.7,45.7,41.3,36.8,32.5,26.3,18.1,12.9,10.5,694.1
169,2017,Both sexes,State,325.0,324.7,309.6,277.4,294.0,349.2,396.1,364.0,334.6,360.7,304.5,275.2,243.5,212.7,170.1,117.3,83.2,69.1,4810.9
170,2017,Both sexes,West,30.0,30.9,29.3,25.2,23.9,29.3,34.8,33.5,31.5,33.3,29.5,27.7,25.5,22.1,17.6,12.3,8.9,8.1,453.1
171,2017,Female,Border,12.7,14.3,13.5,10.1,10.2,13.1,15.4,14.5,13.9,15.4,13.1,12.1,11.0,9.8,7.8,5.5,4.3,4.4,200.9
172,2017,Female,Dublin,44.2,38.7,38.6,43.3,56.3,61.7,62.9,51.8,45.2,45.5,40.5,37.2,32.1,27.9,22.7,17.3,13.3,12.7,691.9
173,2017,Female,Mid-East,25.9,26.3,23.3,18.4,18.8,25.7,30.7,29.4,26.3,29.6,22.9,19.3,16.7,14.3,11.1,7.3,5.1,4.8,355.9
174,2017,Female,Mid-West,14.9,16.2,15.8,13.3,12.6,16.2,18.6,17.9,16.7,17.2,15.8,14.5,13.1,11.9,9.6,6.8,5.0,4.9,241.0
175,2017,Female,Midland,11.2,10.5,10.1,7.9,8.3,10.7,12.2,11.0,10.3,11.7,9.5,8.4,7.3,6.3,5.1,3.4,2.6,2.0,148.6
176,2017,Female,South-East,13.3,15.1,14.0,11.2,11.4,14.4,16.8,16.1,15.1,15.9,14.5,12.9,11.3,10.0,8.4,5.9,4.3,4.1,214.7
177,2017,Female,South-West,22.1,22.2,21.9,20.2,19.4,24.9,28.5,26.1,24.3,25.1,22.8,20.7,18.4,16.1,13.4,9.6,7.3,6.8,349.8
178,2017,Female,State,158.8,158.4,151.5,136.5,148.7,182.1,203.0,183.8,167.6,176.7,153.9,138.9,122.5,107.1,86.7,62.0,46.8,45.0,2430.1
179,2017,Female,West,14.7,15.1,14.3,12.1,11.9,15.3,17.8,17.0,15.7,16.3,14.8,13.9,12.6,10.9,8.7,6.3,4.8,5.2,227.4
180,2017,Male,Border,13.5,15.2,14.1,10.4,9.8,11.9,14.3,14.2,13.9,16.2,12.9,11.9,11.2,10.1,8.2,5.4,3.6,2.6,199.4
181,2017,Male,Dublin,45.6,40.3,39.8,44.0,54.0,57.7,60.7,50.3,43.9,47.4,37.9,34.5,29.2,25.3,19.9,13.9,9.2,6.2,659.6
182,2017,Male,Mid-East,27.0,27.5,25.1,19.3,17.9,22.7,28.5,28.4,26.3,30.5,22.9,19.3,16.5,13.9,11.0,6.7,4.1,2.5,350.0
183,2017,Male,Mid-West,15.5,16.9,16.3,14.2,12.8,14.9,17.7,17.7,16.9,18.2,15.7,14.7,13.4,12.0,9.4,6.2,4.1,2.7,239.2
184,2017,Male,Midland,11.9,11.4,10.5,8.3,8.3,10.2,11.9,11.3,10.6,12.3,9.5,8.7,7.7,6.5,5.0,3.1,2.1,1.3,150.7
185,2017,Male,South-East,14.2,15.8,14.7,11.4,11.0,12.8,15.9,15.8,15.1,16.8,14.1,12.8,11.6,10.2,8.1,5.5,3.6,2.3,211.8
186,2017,Male,South-West,23.2,23.5,22.5,20.2,19.4,22.9,27.2,26.2,24.5,25.7,22.9,20.7,18.4,16.3,12.9,8.5,5.7,3.7,344.3
187,2017,Male,State,166.2,166.2,158.1,140.9,145.2,167.1,193.2,180.2,167.0,184.0,150.6,136.3,121.0,105.5,83.3,55.3,36.4,24.2,2380.8
188,2017,Male,West,15.3,15.8,15.0,13.1,12.0,14.1,16.9,16.4,15.7,17.0,14.7,13.8,12.9,11.2,8.9,6.0,4.1,2.9,225.7
189,2018,Both sexes,Border,24.6,30.7,28.2,22.1,20.0,24.0,29.8,29.1,28.1,31.7,26.6,24.5,22.4,20.3,16.7,11.5,8.1,7.4,405.7
190,2018,Both sexes,Dublin,89.3,82.0,81.3,89.8,108.4,116.7,126.0,105.3,92.2,93.3,79.2,73.3,62.5,54.5,44.4,32.3,23.1,19.5,1373.1
191,2018,Both sexes,Mid-East,52.8,55.8,50.2,40.3,36.7,46.3,59.4,58.2,54.4,59.9,47.0,40.0,34.2,28.9,23.3,14.8,9.5,7.6,719.3
192,2018,Both sexes,Mid-West,29.0,33.8,32.5,29.1,26.1,30.4,37.4,36.5,34.4,35.2,31.9,29.6,27.0,24.3,20.2,13.7,9.5,8.2,489.0
193,2018,Both sexes,Midland,24.7,22.4,21.1,17.3,16.3,20.3,24.5,22.9,21.3,23.4,19.5,17.5,15.4,13.2,10.6,6.7,4.6,3.1,304.7
194,2018,Both sexes,South-East,26.1,31.5,29.2,24.0,22.5,26.3,32.6,32.0,31.1,32.5,28.7,26.6,23.3,20.6,17.3,12.0,8.3,6.9,431.5
195,2018,Both sexes,South-West,44.3,46.9,45.2,42.2,39.3,45.8,56.1,53.4,49.8,50.4,45.9,42.3,37.6,33.2,27.8,18.7,13.3,10.8,702.9
196,2018,Both sexes,State,320.0,334.8,318.1,291.2,293.4,337.7,400.6,371.0,343.5,359.6,308.6,281.6,248.3,217.8,178.8,122.6,85.5,71.8,4884.9
197,2018,Both sexes,West,29.3,31.6,30.4,26.3,24.1,28.0,34.9,33.7,32.2,33.1,29.8,27.8,26.1,22.8,18.5,12.8,9.1,8.3,458.7
198,2018,Female,Border,12.0,14.8,13.9,10.8,10.1,12.7,15.5,14.8,14.1,15.4,13.4,12.3,11.2,10.0,8.2,5.7,4.4,4.6,203.7
199,2018,Female,Dublin,43.8,40.2,40.1,44.3,54.7,60.1,64.8,53.6,46.6,45.6,40.8,38.2,32.7,28.7,23.6,17.8,13.6,13.0,702.1
200,2018,Female,Mid-East,25.7,27.2,24.1,19.7,18.5,24.5,31.0,29.8,27.2,29.4,23.5,20.0,17.2,14.7,11.8,7.8,5.3,4.9,362.4
201,2018,Female,Mid-West,14.1,16.5,16.2,14.1,12.7,15.6,19.2,18.2,17.1,17.2,16.0,14.8,13.3,12.0,10.2,7.2,5.2,5.2,244.7
202,2018,Female,Midland,12.0,10.7,10.3,8.4,8.1,10.4,12.4,11.3,10.5,11.4,9.6,8.6,7.4,6.5,5.3,3.5,2.6,1.8,151.0
203,2018,Female,South-East,12.6,15.3,14.3,11.8,11.4,13.8,16.9,16.2,15.5,15.8,14.5,13.3,11.5,10.3,8.7,6.2,4.5,4.4,217.2
204,2018,Female,South-West,21.6,23.0,22.2,21.1,19.4,23.8,28.8,26.8,24.8,24.8,23.0,21.1,18.7,16.6,14.0,9.9,7.3,6.9,353.8
205,2018,Female,State,156.1,163.2,156.0,142.9,146.8,175.5,206.7,187.9,172.0,175.8,155.7,142.3,125.2,110.0,90.9,64.6,47.8,46.0,2465.4
206,2018,Female,West,14.3,15.5,15.0,12.6,11.8,14.7,18.0,17.2,16.2,16.2,14.9,14.0,13.1,11.3,9.1,6.6,4.9,5.3,230.5
207,2018,Male,Border,12.6,15.9,14.3,11.3,9.9,11.3,14.2,14.3,14.1,16.3,13.2,12.2,11.2,10.3,8.5,5.8,3.7,2.8,202.0
208,2018,Male,Dublin,45.4,41.8,41.3,45.5,53.7,56.6,61.2,51.7,45.6,47.7,38.4,35.2,29.8,25.8,20.8,14.5,9.5,6.6,671.0
209,2018,Male,Mid-East,27.1,28.5,26.1,20.6,18.1,21.8,28.4,28.4,27.2,30.4,23.5,20.0,16.9,14.2,11.5,7.1,4.2,2.7,356.9
210,2018,Male,Mid-West,14.9,17.4,16.4,15.0,13.4,14.8,18.2,18.3,17.3,18.1,15.8,14.8,13.7,12.3,10.0,6.6,4.3,3.0,244.3
211,2018,Male,Midland,12.7,11.7,10.8,8.9,8.2,9.9,12.0,11.5,10.8,12.0,9.9,8.9,7.9,6.7,5.3,3.2,2.1,1.3,153.8
212,2018,Male,South-East,13.5,16.3,14.8,12.2,11.1,12.5,15.7,15.7,15.6,16.7,14.1,13.2,11.8,10.3,8.6,5.8,3.7,2.6,214.3
213,2018,Male,South-West,22.7,24.0,23.0,21.0,19.8,22.0,27.3,26.7,25.0,25.6,23.0,21.2,18.8,16.6,13.8,8.8,6.0,3.9,349.0
214,2018,Male,State,163.9,171.6,162.1,148.3,146.6,162.2,193.9,183.2,171.5,183.9,153.0,139.2,123.2,107.8,87.8,57.9,37.7,25.8,2419.5
215,2018,Male,West,15.0,16.1,15.4,13.7,12.3,13.3,16.9,16.4,16.0,17.0,15.0,13.8,13.0,11.5,9.4,6.2,4.2,3.0,228.2
216,2019,Both sexes,Border,24.2,31.1,28.0,23.5,20.0,23.4,29.7,29.5,28.7,31.3,26.9,25.1,22.9,20.5,17.5,12.2,8.3,7.5,409.9
217,2019,Both sexes,Dublin,87.8,84.9,84.2,93.0,105.4,118.0,126.5,109.9,96.5,93.1,80.9,74.6,65.0,55.4,46.2,33.8,23.8,20.0,1398.8
218,2019,Both sexes,Mid-East,51.6,57.6,51.5,42.5,36.7,45.2,58.9,59.4,56.4,58.9,48.1,41.5,35.2,29.6,24.6,16.2,10.0,8.0,731.9
219,2019,Both sexes,Mid-West,28.8,35.0,32.0,29.5,26.1,29.5,37.0,36.8,35.5,34.8,32.2,30.1,27.6,24.6,21.0,14.6,9.8,8.5,493.4
220,2019,Both sexes,Midland,24.1,22.6,21.3,17.9,16.3,19.6,24.5,23.5,21.8,22.9,19.8,18.0,15.9,13.8,11.4,7.3,4.9,3.4,309.0
221,2019,Both sexes,South-East,25.7,32.4,29.5,25.2,23.1,26.3,32.8,33.4,31.6,32.0,29.2,27.3,24.0,21.1,18.0,12.9,8.6,7.1,440.1
222,2019,Both sexes,South-West,44.0,48.7,45.0,43.1,39.5,44.4,55.4,54.7,50.9,49.9,46.1,43.1,38.5,33.6,29.0,19.9,13.5,11.2,710.6
223,2019,Both sexes,State,315.0,344.7,322.1,301.7,291.5,333.7,399.6,381.2,354.4,355.9,313.4,288.1,255.9,221.6,187.1,130.3,88.2,74.1,4958.5
224,2019,Both sexes,West,28.9,32.4,30.6,27.0,24.4,27.2,34.8,34.1,33.0,32.9,30.3,28.3,26.8,23.2,19.4,13.5,9.3,8.5,464.8
225,2019,Female,Border,11.7,15.1,13.8,11.6,10.0,12.4,15.6,15.2,14.5,15.1,13.4,12.6,11.5,10.1,8.6,6.1,4.4,4.6,206.6
226,2019,Female,Dublin,43.1,41.5,42.2,45.9,52.7,60.6,65.4,56.4,48.6,45.3,41.4,38.8,34.1,29.1,24.7,18.5,13.9,13.2,715.4
227,2019,Female,Mid-East,25.2,28.1,24.8,20.5,18.5,23.5,30.5,30.5,28.3,28.8,24.0,20.9,17.8,15.0,12.5,8.5,5.5,5.1,368.0
228,2019,Female,Mid-West,14.1,17.0,15.9,14.3,12.7,15.0,18.9,18.4,17.7,16.9,16.1,15.1,13.6,12.1,10.7,7.5,5.3,5.3,246.7
229,2019,Female,Midland,11.6,10.7,10.3,8.8,8.0,10.0,12.5,11.6,10.8,11.1,9.7,8.8,7.6,6.8,5.8,3.8,2.7,2.0,152.6
230,2019,Female,South-East,12.4,15.7,14.6,12.5,11.4,13.4,16.7,16.7,15.8,15.5,14.7,13.8,11.9,10.5,9.1,6.7,4.7,4.4,220.5
231,2019,Female,South-West,21.4,23.8,21.9,21.4,19.6,23.0,28.6,27.7,25.4,24.5,23.0,21.5,19.2,16.8,14.7,10.4,7.5,7.0,357.6
232,2019,Female,State,153.7,167.7,158.7,148.1,145.0,172.2,206.6,194.1,177.8,173.3,157.4,146.0,129.1,112.1,95.8,68.4,49.1,46.9,2502.2
233,2019,Female,West,14.1,15.8,15.3,13.2,12.0,14.3,18.3,17.6,16.7,16.1,15.1,14.3,13.5,11.6,9.6,6.9,5.0,5.3,234.8
234,2019,Male,Border,12.4,16.0,14.1,11.8,10.0,11.0,14.1,14.4,14.2,16.2,13.4,12.4,11.4,10.4,8.8,6.1,3.8,2.9,203.4
235,2019,Male,Dublin,44.7,43.4,42.1,47.1,52.7,57.5,61.1,53.5,47.8,47.8,39.5,35.7,30.9,26.2,21.5,15.3,9.9,6.8,683.4
236,2019,Male,Mid-East,26.4,29.5,26.7,21.9,18.2,21.7,28.4,28.9,28.1,30.1,24.1,20.6,17.5,14.6,12.1,7.8,4.4,2.9,363.9
237,2019,Male,Mid-West,14.7,18.0,16.1,15.2,13.4,14.5,18.1,18.5,17.8,17.9,16.1,15.0,14.0,12.4,10.3,7.1,4.5,3.2,246.6
238,2019,Male,Midland,12.5,11.9,11.0,9.2,8.3,9.6,12.0,11.8,11.0,11.8,10.1,9.2,8.3,7.0,5.6,3.5,2.2,1.4,156.4
239,2019,Male,South-East,13.2,16.7,14.9,12.7,11.7,12.9,16.1,16.7,15.8,16.5,14.5,13.5,12.1,10.6,8.9,6.2,3.9,2.7,219.6
240,2019,Male,South-West,22.6,24.8,23.1,21.8,19.9,21.5,26.8,27.0,25.6,25.4,23.1,21.6,19.3,16.8,14.3,9.4,6.1,4.1,353.0
241,2019,Male,State,161.3,176.9,163.3,153.6,146.5,161.5,192.9,187.2,176.6,182.6,156.0,142.1,126.8,109.5,91.3,61.9,39.1,27.2,2456.3
242,2019,Male,West,14.8,16.6,15.3,13.8,12.4,12.9,16.4,16.5,16.3,16.8,15.2,14.0,13.4,11.6,9.8,6.6,4.3,3.2,230.0
243,2020,Both sexes,Border,23.9,31.3,28.4,24.4,19.7,22.6,28.5,30.0,29.0,30.3,27.4,25.5,23.3,21.1,17.9,12.9,8.5,7.5,412.0
244,2020,Both sexes,Dublin,85.4,88.5,87.4,98.2,107.0,117.6,122.0,114.4,99.5,92.3,82.7,76.2,66.6,56.8,47.7,35.3,24.4,20.5,1422.4
245,2020,Both sexes,Mid-East,50.6,59.7,52.8,43.3,38.1,45.6,58.6,61.5,57.9,58.2,49.5,43.6,35.8,30.7,25.4,17.6,10.5,8.1,747.2
246,2020,Both sexes,Mid-West,28.5,35.2,32.5,30.6,26.1,29.0,35.9,37.6,36.0,33.9,32.7,30.7,28.1,25.3,21.5,15.5,10.2,8.6,497.9
247,2020,Both sexes,Midland,23.0,23.3,20.6,17.1,16.1,19.1,23.6,24.0,22.5,22.3,20.3,18.7,16.5,14.3,11.9,8.0,5.1,3.5,309.9
248,2020,Both sexes,South-East,25.2,33.2,30.0,26.2,22.9,25.5,31.5,33.8,32.2,31.6,29.7,28.1,24.7,21.9,18.6,13.7,8.8,7.5,444.9
249,2020,Both sexes,South-West,43.4,50.2,45.0,43.2,41.0,45.1,55.4,57.5,51.9,49.2,47.0,44.3,39.4,34.6,29.5,21.2,13.9,11.4,723.3
250,2020,Both sexes,State,308.7,354.7,327.4,310.5,296.4,331.6,389.8,394.3,362.6,350.2,319.9,296.0,261.6,228.7,192.5,138.5,90.8,75.6,5029.9
251,2020,Both sexes,West,28.7,33.3,30.8,27.6,25.4,27.0,34.3,35.6,33.6,32.5,30.7,28.9,27.1,24.1,20.0,14.4,9.5,8.7,472.2
252,2020,Female,Border,11.4,15.3,13.7,11.9,9.8,11.7,14.9,15.3,14.8,14.6,13.7,12.9,11.7,10.4,8.8,6.4,4.5,4.6,206.5
253,2020,Female,Dublin,41.8,43.2,43.7,48.9,53.9,60.2,62.5,58.3,50.3,45.1,42.2,39.7,35.1,30.0,25.4,19.3,14.1,13.3,727.1
254,2020,Female,Mid-East,24.7,29.2,25.4,20.4,19.6,23.9,30.5,31.6,28.9,28.2,24.7,21.8,18.1,15.5,12.9,9.1,5.7,5.2,375.3
255,2020,Female,Mid-West,13.9,17.2,16.1,15.0,12.7,14.6,18.3,18.8,18.0,16.5,16.3,15.4,13.9,12.5,10.8,8.0,5.5,5.3,248.9
256,2020,Female,Midland,10.8,11.1,10.0,8.1,8.1,9.8,12.2,12.0,11.2,11.0,10.0,9.3,8.0,7.0,6.0,4.1,2.8,2.1,153.7
257,2020,Female,South-East,12.3,16.3,14.9,12.9,11.4,12.9,16.2,17.0,16.2,15.4,14.9,14.3,12.3,10.9,9.4,7.2,4.7,4.6,223.7
258,2020,Female,South-West,21.3,24.6,21.8,21.1,20.3,23.1,28.7,29.3,25.9,24.2,23.5,22.2,19.7,17.4,14.9,11.1,7.7,7.1,364.1
259,2020,Female,State,150.0,173.2,161.0,152.1,148.3,170.3,201.7,200.8,182.6,170.6,160.5,150.2,132.7,115.8,98.2,72.6,50.1,47.6,2538.1
260,2020,Female,West,13.8,16.2,15.5,13.7,12.6,14.1,18.3,18.5,17.1,15.6,15.4,14.6,13.8,12.0,9.9,7.4,5.1,5.4,238.9
261,2020,Male,Border,12.5,15.9,14.7,12.4,10.0,10.9,13.6,14.7,14.2,15.7,13.7,12.6,11.6,10.7,9.1,6.5,4.0,2.8,205.5
262,2020,Male,Dublin,43.6,45.3,43.7,49.2,53.1,57.4,59.5,56.0,49.2,47.2,40.6,36.5,31.5,26.8,22.3,15.9,10.3,7.1,695.4
263,2020,Male,Mid-East,25.9,30.5,27.4,22.8,18.6,21.7,28.1,29.9,29.0,30.0,24.8,21.8,17.8,15.2,12.5,8.5,4.8,2.9,372.0
264,2020,Male,Mid-West,14.6,18.1,16.4,15.7,13.4,14.5,17.6,18.8,18.0,17.3,16.5,15.3,14.2,12.8,10.7,7.5,4.7,3.3,249.1
265,2020,Male,Midland,12.2,12.2,10.7,9.1,8.0,9.2,11.4,11.9,11.3,11.3,10.3,9.4,8.4,7.3,5.9,3.8,2.3,1.4,156.1
266,2020,Male,South-East,12.9,16.9,15.1,13.3,11.5,12.6,15.3,16.8,16.0,16.2,14.8,13.8,12.4,11.0,9.2,6.6,4.0,2.8,221.2
267,2020,Male,South-West,22.1,25.6,23.2,22.1,20.7,22.0,26.6,28.2,26.0,25.0,23.5,22.1,19.7,17.1,14.6,10.1,6.2,4.3,359.2
268,2020,Male,State,158.8,181.6,166.4,158.4,148.1,161.2,188.1,193.5,180.1,179.6,159.4,145.8,128.9,113.0,94.3,65.9,40.7,28.0,2491.8
269,2020,Male,West,14.9,17.1,15.3,13.9,12.9,12.9,16.0,17.1,16.5,16.8,15.4,14.3,13.3,12.1,10.1,7.1,4.4,3.3,233.3
270,2021,Both sexes,Border,24.5,31.7,27.8,23.4,19.7,23.0,28.4,31.1,29.4,29.8,28.1,26.3,24.1,21.5,18.4,13.7,8.6,7.5,417.1
271,2021,Both sexes,Dublin,82.4,92.1,86.4,98.4,107.6,117.1,120.9,117.8,100.8,91.5,86.0,76.9,67.8,58.0,48.5,37.0,24.7,20.9,1434.6
272,2021,Both sexes,Mid-East,48.4,61.0,53.2,44.4,37.5,45.5,57.8,62.9,59.2,55.9,51.3,45.0,37.1,31.6,26.1,19.0,10.9,8.4,755.3
273,2021,Both sexes,Mid-West,28.4,35.8,32.5,30.2,26.2,28.6,34.9,37.9,36.2,33.5,33.3,31.0,28.6,25.5,21.7,16.4,10.2,8.7,499.6
274,2021,Both sexes,Midland,22.3,24.2,21.4,17.6,16.4,18.6,23.3,25.0,22.6,21.2,20.8,18.8,17.0,14.8,12.2,8.8,5.2,3.8,314.2
275,2021,Both sexes,South-East,24.9,33.9,30.5,26.1,22.7,26.1,31.1,34.9,32.8,31.1,30.5,28.6,25.8,22.3,18.8,14.5,9.0,7.5,451.2
276,2021,Both sexes,South-West,41.9,51.6,46.1,43.3,40.0,44.4,53.3,57.7,53.1,48.0,48.1,45.3,40.5,35.5,30.1,22.6,14.1,11.7,727.4
277,2021,Both sexes,State,300.9,364.0,329.0,311.4,294.8,330.5,383.0,403.6,368.2,342.7,329.5,301.2,268.5,234.1,196.2,147.2,92.4,77.5,5074.7
278,2021,Both sexes,West,28.0,33.7,31.0,27.9,24.8,27.1,33.3,36.4,33.9,31.8,31.5,29.3,27.5,24.8,20.4,15.4,9.8,9.0,475.4
279,2021,Female,Border,11.8,15.7,13.5,11.8,9.7,11.8,14.7,15.9,14.9,14.3,13.9,13.2,12.1,10.6,9.1,6.8,4.5,4.6,208.9
280,2021,Female,Dublin,40.6,45.3,42.7,48.9,54.1,59.6,62.1,59.4,50.7,44.6,43.6,39.8,35.3,30.8,25.7,20.2,14.2,13.7,731.1
281,2021,Female,Mid-East,23.6,29.9,25.8,21.4,19.1,23.8,30.3,32.4,29.7,27.0,25.5,22.4,18.7,16.0,13.3,9.8,5.9,5.4,380.0
282,2021,Female,Mid-West,13.8,17.5,15.9,14.6,13.0,14.5,17.9,19.3,18.2,16.4,16.5,15.6,14.2,12.5,10.9,8.5,5.5,5.4,250.2
283,2021,Female,Midland,10.5,11.6,10.4,8.4,8.2,9.6,12.0,12.6,11.3,10.7,10.3,9.4,8.4,7.3,6.2,4.6,2.8,2.3,156.7
284,2021,Female,South-East,12.1,16.7,15.1,12.9,11.4,13.4,16.2,17.9,16.5,14.9,15.3,14.6,13.0,11.1,9.3,7.5,4.9,4.7,227.5
285,2021,Female,South-West,20.7,25.4,22.7,21.3,19.7,22.9,27.9,29.8,26.5,23.4,23.9,22.6,20.3,17.8,15.2,11.7,7.7,7.4,367.0
286,2021,Female,State,146.8,178.5,161.4,153.1,147.3,169.4,198.7,206.1,185.1,166.7,164.7,152.2,135.8,118.6,99.8,76.8,50.8,49.0,2560.6
287,2021,Female,West,13.7,16.4,15.3,13.9,12.2,13.8,17.5,18.7,17.2,15.3,15.7,14.7,13.9,12.4,10.1,7.8,5.2,5.5,239.2
288,2021,Male,Border,12.7,16.0,14.4,11.7,10.0,11.2,13.7,15.2,14.6,15.5,14.1,13.1,12.0,10.9,9.3,6.9,4.1,2.8,208.2
289,2021,Male,Dublin,41.9,46.8,43.7,49.5,53.5,57.4,58.8,58.4,50.0,46.9,42.5,37.1,32.6,27.2,22.7,16.8,10.5,7.2,703.5
290,2021,Male,Mid-East,24.8,31.1,27.4,23.0,18.5,21.7,27.4,30.4,29.5,28.9,25.8,22.6,18.4,15.6,12.9,9.2,5.0,3.0,375.3
291,2021,Male,Mid-West,14.6,18.3,16.6,15.6,13.2,14.1,16.9,18.7,18.1,17.1,16.8,15.4,14.5,13.0,10.7,7.9,4.7,3.3,249.4
292,2021,Male,Midland,11.8,12.6,11.0,9.2,8.2,9.1,11.3,12.4,11.3,10.4,10.5,9.5,8.6,7.5,6.0,4.2,2.4,1.6,157.4
293,2021,Male,South-East,12.8,17.2,15.4,13.3,11.3,12.7,14.9,17.0,16.3,16.1,15.2,14.0,12.8,11.2,9.5,6.9,4.1,2.8,223.7
294,2021,Male,South-West,21.2,26.2,23.5,22.0,20.3,21.5,25.4,27.9,26.6,24.6,24.2,22.7,20.2,17.7,14.9,10.9,6.3,4.3,360.3
295,2021,Male,State,154.1,185.6,167.6,158.3,147.5,161.0,184.3,197.5,183.1,176.0,164.8,149.0,132.7,115.5,96.5,70.4,41.6,28.6,2514.0
296,2021,Male,West,14.4,17.3,15.7,14.0,12.6,13.3,15.8,17.6,16.7,16.5,15.8,14.6,13.6,12.4,10.3,7.6,4.5,3.5,236.2
297,2022,Both sexes,Border,25.4,32.3,28.7,22.6,19.4,23.0,28.7,31.7,29.8,29.2,28.5,26.6,24.4,22.1,18.9,14.4,8.8,7.8,422.2
298,2022,Both sexes,Dublin,81.6,96.8,87.2,98.8,111.4,118.1,120.8,121.5,103.0,91.4,90.4,79.2,70.1,59.5,50.7,38.7,25.6,23.4,1468.4
299,2022,Both sexes,Mid-East,47.1,62.4,54.8,45.1,38.3,46.1,58.2,65.1,60.3,56.0,54.0,46.1,38.5,32.8,27.3,20.5,11.8,9.4,774.0
300,2022,Both sexes,Mid-West,28.5,36.6,33.6,29.7,26.6,29.1,35.2,38.7,36.8,32.9,34.4,32.2,29.3,26.2,22.7,17.1,10.4,8.8,508.7
301,2022,Both sexes,Midland,19.0,25.2,22.5,18.2,16.2,18.9,23.8,25.6,23.2,22.9,21.5,19.3,17.1,14.9,12.3,9.3,5.5,4.9,320.3
302,2022,Both sexes,South-East,25.3,34.3,31.3,25.7,22.9,26.5,31.7,35.7,33.6,30.7,31.4,29.7,26.6,23.1,19.7,15.1,9.5,7.9,460.7
303,2022,Both sexes,South-West,41.3,52.8,47.7,43.4,40.2,44.9,53.5,58.8,54.3,48.3,50.1,46.5,41.8,36.5,31.3,23.9,14.9,12.8,743.0
304,2022,Both sexes,State,295.8,374.9,337.8,311.9,299.1,334.5,385.8,414.7,376.0,343.6,342.9,309.7,275.8,240.5,204.7,155.0,96.8,84.4,5184.0
305,2022,Both sexes,West,27.6,34.5,31.9,28.5,24.2,27.8,33.9,37.5,35.0,32.2,32.4,30.2,28.0,25.5,21.6,16.0,10.3,9.4,486.7
306,2022,Female,Border,12.4,15.7,14.0,10.9,9.5,12.1,15.0,16.3,15.0,14.1,14.1,13.4,12.3,11.0,9.4,7.2,4.6,4.8,211.9
307,2022,Female,Dublin,39.8,47.3,43.1,49.9,56.2,60.5,62.1,61.7,51.9,44.8,45.8,40.9,36.4,31.4,27.1,21.1,14.7,15.1,749.7
308,2022,Female,Mid-East,22.7,30.6,26.8,21.6,19.3,24.3,30.8,33.7,30.5,27.4,26.9,23.1,19.4,16.6,14.0,10.5,6.4,5.9,390.5
309,2022,Female,Mid-West,14.0,17.9,16.4,14.6,13.3,15.0,18.5,19.9,18.4,16.1,17.1,16.1,14.6,12.9,11.5,8.9,5.7,5.4,256.3
310,2022,Female,Midland,9.2,12.2,10.9,8.8,8.1,9.8,12.4,13.1,11.6,11.1,10.6,9.6,8.5,7.5,6.1,4.9,3.0,2.9,160.3
311,2022,Female,South-East,12.4,16.7,15.2,12.5,11.6,13.7,16.9,18.3,17.1,14.9,15.8,15.1,13.5,11.5,9.9,7.8,5.0,4.9,232.5
312,2022,Female,South-West,20.3,26.1,23.2,21.5,20.0,23.3,28.1,30.2,27.2,23.5,24.9,23.2,21.0,18.3,15.8,12.4,8.2,8.0,375.3
313,2022,Female,State,144.2,183.4,165.1,153.9,150.0,173.1,201.5,212.7,189.5,167.7,171.4,156.5,139.8,121.9,104.5,80.9,53.0,52.8,2622.0
314,2022,Female,West,13.4,16.8,15.6,14.2,12.0,14.4,17.8,19.3,17.7,15.6,16.3,15.1,14.2,12.7,10.8,8.1,5.5,5.8,245.5
315,2022,Male,Border,13.0,16.5,14.7,11.6,9.8,11.0,13.7,15.4,14.8,15.0,14.4,13.2,12.0,11.1,9.5,7.1,4.2,3.0,210.3
316,2022,Male,Dublin,41.9,49.5,44.1,49.0,55.2,57.6,58.8,59.8,51.1,46.6,44.7,38.2,33.7,28.1,23.7,17.6,10.9,8.3,718.7
317,2022,Male,Mid-East,24.4,31.8,28.1,23.5,18.9,21.9,27.4,31.4,29.8,28.6,27.2,23.0,19.2,16.1,13.3,9.9,5.4,3.6,383.5
318,2022,Male,Mid-West,14.5,18.7,17.2,15.1,13.3,14.1,16.7,18.8,18.4,16.9,17.3,16.1,14.7,13.2,11.2,8.2,4.8,3.4,252.4
319,2022,Male,Midland,9.7,13.0,11.6,9.4,8.1,9.1,11.4,12.5,11.6,11.7,10.9,9.7,8.7,7.5,6.2,4.5,2.5,1.9,160.0
320,2022,Male,South-East,12.9,17.5,16.1,13.2,11.3,12.8,14.8,17.4,16.5,15.8,15.7,14.7,13.1,11.6,9.8,7.4,4.4,3.0,228.2
321,2022,Male,South-West,21.0,26.7,24.5,21.9,20.2,21.6,25.4,28.6,27.1,24.7,25.2,23.3,20.8,18.1,15.5,11.5,6.7,4.8,367.7
322,2022,Male,State,151.6,191.5,172.6,158.0,149.1,161.4,184.3,202.1,186.5,175.9,171.4,153.2,136.0,118.6,100.2,74.1,43.7,31.6,2562.0
323,2022,Male,West,14.2,17.7,16.2,14.3,12.2,13.4,16.1,18.2,17.3,16.6,16.2,15.1,13.8,12.8,10.8,7.9,4.8,3.6,241.1
324,2023,Both sexes,Border,25.6,33.3,29.8,23.5,20.5,22.8,28.3,32.2,30.5,29.6,29.1,27.4,25.2,22.4,19.5,15.1,9.3,8.1,432.1
325,2023,Both sexes,Dublin,83.0,98.7,88.7,93.5,112.1,122.4,124.8,128.7,106.4,91.0,94.4,81.1,73.3,60.5,52.1,40.0,26.6,24.2,1501.5
326,2023,Both sexes,Mid-East,45.8,62.1,56.6,47.4,38.9,43.4,55.1,65.2,60.2,53.9,55.9,47.2,39.8,33.5,28.0,21.6,12.7,9.8,777.1
327,2023,Both sexes,Mid-West,27.9,36.7,35.8,31.9,28.3,29.4,35.0,39.7,36.9,32.4,35.3,32.5,29.9,26.6,23.3,17.9,11.0,9.0,519.6
328,2023,Both sexes,Midland,18.3,25.1,23.4,19.0,16.9,18.7,23.2,26.4,23.5,22.0,22.0,19.7,17.7,15.2,12.8,9.7,5.9,4.9,324.6
329,2023,Both sexes,South-East,25.2,34.5,33.0,27.6,23.6,26.2,31.1,36.0,33.8,30.1,32.5,30.1,27.6,23.4,20.2,15.8,9.9,8.1,468.6
330,2023,Both sexes,South-West,40.5,53.4,49.5,44.8,42.1,45.2,52.8,60.2,55.5,47.5,51.7,47.3,43.2,37.2,32.3,25.2,15.6,13.4,757.4
331,2023,Both sexes,State,293.8,379.2,349.5,317.8,308.5,337.0,384.5,427.7,382.7,338.6,354.5,316.3,285.2,244.8,210.5,162.1,101.8,87.1,5281.6
332,2023,Both sexes,West,27.5,35.4,32.7,29.9,26.1,28.8,34.2,39.3,35.9,32.2,33.6,31.0,28.5,26.1,22.3,16.9,10.8,9.6,500.8
333,2023,Female,Border,12.8,16.3,14.1,11.2,10.0,11.9,14.8,16.7,15.4,14.6,14.5,13.8,12.7,11.2,9.7,7.7,4.8,4.9,217.2
334,2023,Female,Dublin,40.6,48.1,43.8,46.5,56.5,62.3,64.0,65.6,53.8,44.3,47.9,41.9,38.1,32.0,27.9,21.7,15.2,15.5,765.6
335,2023,Female,Mid-East,22.3,30.4,27.5,22.6,19.2,22.6,29.2,33.7,30.7,26.1,27.9,23.7,20.1,17.0,14.4,11.1,6.9,6.0,391.3
336,2023,Female,Mid-West,13.8,17.9,17.9,16.2,14.3,15.3,18.6,20.8,18.7,15.9,17.6,16.3,14.9,13.2,11.7,9.3,5.9,5.5,263.9
337,2023,Female,Midland,9.0,12.2,11.5,9.4,8.3,9.6,12.2,13.6,11.9,10.8,10.9,9.8,8.8,7.6,6.4,5.0,3.2,3.0,163.2
338,2023,Female,South-East,12.5,17.0,15.7,13.2,11.8,13.6,16.6,18.8,17.4,14.6,16.5,15.4,14.2,11.7,10.3,8.1,5.2,5.0,237.5
339,2023,Female,South-West,20.0,26.2,24.6,22.3,20.9,23.3,27.7,31.2,28.1,23.1,25.9,23.9,21.9,18.7,16.4,12.9,8.6,8.1,383.8
340,2023,Female,State,144.6,185.3,170.7,156.5,153.8,173.6,201.2,221.0,194.0,165.2,178.0,160.2,145.0,124.6,107.9,84.3,55.6,53.9,2675.4
341,2023,Female,West,13.6,17.2,15.8,14.9,13.0,14.9,18.1,20.5,18.2,15.8,16.8,15.4,14.3,13.2,11.2,8.4,5.8,5.9,252.9
342,2023,Male,Border,12.8,17.0,15.7,12.3,10.5,10.9,13.4,15.5,15.1,14.9,14.7,13.6,12.5,11.2,9.8,7.4,4.5,3.1,214.9
343,2023,Male,Dublin,42.3,50.6,45.0,47.0,55.6,60.1,60.8,63.1,52.6,46.6,46.5,39.2,35.1,28.5,24.3,18.3,11.4,8.6,735.8
344,2023,Male,Mid-East,23.5,31.7,29.1,24.8,19.8,20.8,25.9,31.4,29.5,27.9,27.9,23.5,19.8,16.5,13.6,10.5,5.8,3.8,385.8
345,2023,Male,Mid-West,14.2,18.8,18.0,15.7,14.0,14.1,16.4,18.8,18.3,16.6,17.7,16.2,15.0,13.3,11.6,8.5,5.0,3.5,255.7
346,2023,Male,Midland,9.4,12.9,11.9,9.6,8.6,9.1,11.1,12.8,11.6,11.2,11.1,9.9,8.9,7.6,6.4,4.7,2.7,2.0,161.3
347,2023,Male,South-East,12.6,17.5,17.3,14.3,11.8,12.6,14.5,17.2,16.4,15.4,16.0,14.7,13.5,11.7,9.9,7.7,4.7,3.2,231.1
348,2023,Male,South-West,20.5,27.2,24.9,22.5,21.2,21.9,25.1,29.0,27.4,24.3,25.7,23.4,21.3,18.5,16.0,12.2,7.0,5.3,373.6
349,2023,Male,State,149.2,193.9,178.7,161.3,154.7,163.4,183.3,206.7,188.7,173.4,176.4,156.1,140.3,120.2,102.6,77.8,46.1,33.1,2606.2
350,2023,Male,West,13.8,18.2,17.0,15.1,13.2,13.9,16.1,18.8,17.8,16.5,16.8,15.6,14.2,12.9,11.0,8.4,5.0,3.7,247.9
