year,sex,0 - 4 years,5 - 9 years,10 - 14 years,15 - 19 years,20 - 24 years,25 - 29 years,30 - 34 years,35 - 39 years,40 - 44 years,45 - 49 years,50 - 54 years,55 - 59 years,60 - 64 years,65 - 69 years,70 - 74 years,75 - 79 years,80 - 84 years,85 years and over
1950,Both sexes,310.2,278.9,262.1,244.0,208.6,201.1,194.8,199.8,177.9,163.8,158.4,130.4,121.9,109.3,100.4,64.0,30.1,13.3
1950,Female,151.3,136.6,128.7,117.4,100.3,100.2,96.5,98.0,85.5,80.2,77.8,64.6,60.6,54.1,50.9,32.6,15.9,7.8
1950,Male,158.9,142.3,133.4,126.6,108.3,100.9,98.3,101.8,92.4,83.6,80.6,65.8,61.3,55.2,49.5,31.4,14.2,5.5
1951,Both sexes,312.9,281.0,260.9,241.2,202.2,198.4,191.6,200.9,180.3,160.9,163.0,128.8,122.1,107.5,100.1,64.6,30.9,13.3
1951,Female,152.6,137.6,128.2,115.4,96.8,98.8,95.1,98.6,86.3,78.5,80.1,63.8,60.7,53.4,51.0,32.9,16.2,7.8
1951,Male,160.0,143.5,132.7,125.7,105.4,99.6,96.4,102.3,94.0,82.4,82.9,65.0,61.3,54.1,49.1,31.6,14.6,5.5
1952,Both sexes,310.3,284.7,264.6,239.7,197.8,192.9,188.6,197.3,181.5,163.6,160.0,133.8,121.2,107.9,98.8,64.9,31.3,14.0
1952,Female,151.6,139.2,130.0,114.7,95.0,96.3,94.0,97.5,87.3,79.7,78.4,66.2,60.5,53.5,50.4,33.1,16.5,8.1
1952,Male,158.7,145.5,134.6,125.0,102.8,96.6,94.6,99.8,94.2,83.9,81.6,67.6,60.7,54.4,48.4,31.8,14.8,5.9
1953,Both sexes,308.2,288.5,268.6,238.6,193.7,187.7,185.8,194.1,183.0,166.4,157.3,138.8,120.5,108.6,97.7,65.4,31.6,14.5
1953,Female,150.7,140.8,131.9,114.1,93.3,93.9,92.9,96.6,88.4,80.9,76.8,68.6,60.3,53.7,49.9,33.3,16.7,8.3
1953,Male,157.5,147.7,136.7,124.5,100.4,93.8,92.9,97.5,94.6,85.5,80.5,70.2,60.2,54.9,47.8,32.1,14.9,6.2
1954,Both sexes,305.9,292.0,272.1,237.1,189.4,182.2,182.8,190.6,184.1,169.0,154.4,143.6,119.7,109.0,96.3,65.8,32.1,15.1
1954,Female,149.7,142.3,133.6,113.3,91.5,91.3,91.7,95.5,89.3,82.0,75.1,70.9,60.0,53.8,49.2,33.5,17.0,8.5
1954,Male,156.2,149.7,138.5,123.8,97.9,90.9,91.1,95.1,94.8,87.0,79.3,72.7,59.7,55.2,47.1,32.3,15.1,6.6
1955,Both sexes,302.1,294.3,274.6,234.7,184.3,176.1,179.0,186.2,184.5,170.3,150.9,147.8,118.4,109.0,94.7,65.9,32.4,15.7
1955,Female,148.3,143.5,135.0,112.3,89.5,88.6,90.3,94.1,90.0,82.4,73.3,73.0,59.6,53.8,48.5,33.6,17.2,8.8
1955,Male,153.8,150.8,139.6,122.4,94.8,87.5,88.7,92.1,94.5,87.9,77.6,74.8,58.8,55.2,46.2,32.3,15.2,6.9
1956,Both sexes,298.1,296.1,276.6,232.1,179.1,169.8,175.2,181.9,184.7,172.4,147.2,151.8,116.9,108.9,93.0,65.9,32.6,16.2
1956,Female,146.8,144.5,136.3,111.3,87.5,85.8,88.9,92.8,90.7,83.7,71.4,75.1,59.1,53.7,47.8,33.6,17.4,9.0
1956,Male,151.3,151.6,140.3,120.8,91.6,84.0,86.3,89.1,94.0,88.7,75.8,76.7,57.8,55.2,45.2,32.3,15.2,7.2
1957,Both sexes,299.0,294.7,279.4,232.7,175.0,164.9,170.8,179.0,182.0,173.0,149.4,148.8,120.0,107.9,93.1,65.4,33.5,16.7
1957,Female,147.0,143.8,137.2,111.8,85.5,83.2,86.6,91.3,89.7,84.1,72.3,73.6,60.7,53.4,48.0,33.6,18.0,9.4
1957,Male,152.0,150.9,142.2,120.9,89.5,81.7,84.2,87.7,92.3,88.9,77.1,75.2,59.3,54.5,45.1,31.8,15.5,7.3
1958,Both sexes,297.8,291.4,280.3,231.8,169.7,159.1,165.3,175.0,178.0,172.5,150.5,144.7,122.1,106.1,92.5,64.5,34.3,17.1
1958,Female,146.2,142.2,137.2,111.6,83.0,80.2,83.8,89.2,88.1,84.0,72.6,71.6,61.8,52.8,47.9,33.4,18.5,9.7
1958,Male,151.6,149.2,143.1,120.2,86.7,78.9,81.5,85.8,89.9,88.5,77.9,73.1,60.3,53.3,44.6,31.1,15.8,7.4
1959,Both sexes,299.3,290.6,283.6,232.8,165.8,154.8,161.4,172.5,175.7,173.5,153.0,142.1,125.3,105.4,92.8,64.2,35.2,17.6
1959,Female,146.7,141.8,138.4,112.3,81.3,77.9,81.8,87.9,87.3,84.6,73.6,70.3,63.5,52.7,48.2,33.5,19.1,10.1
1959,Male,152.6,148.8,145.2,120.5,84.5,76.9,79.6,84.6,88.4,88.9,79.4,71.8,61.8,52.7,44.6,30.7,16.1,7.5
1960,Both sexes,300.1,289.2,286.2,233.3,162.1,150.0,157.0,169.7,173.0,174.0,155.1,139.1,128.2,104.4,92.8,63.8,36.1,18.0
1960,Female,146.9,141.1,139.3,112.8,79.4,75.4,79.6,86.5,86.3,85.0,74.5,68.8,65.0,52.4,48.4,33.5,19.7,10.4
1960,Male,153.2,148.1,146.9,120.5,82.7,74.6,77.4,83.2,86.7,89.0,80.6,70.3,63.2,52.0,44.4,30.3,16.4,7.6
1961,Both sexes,300.8,287.7,288.8,233.8,158.0,145.4,152.8,166.8,170.3,174.6,157.1,136.1,131.1,103.5,92.8,63.2,37.0,18.5
1961,Female,147.4,140.7,140.5,113.5,77.6,73.1,77.5,85.2,85.5,85.6,75.4,67.5,66.6,52.3,48.7,33.5,20.4,10.8
1961,Male,153.4,147.0,148.3,120.3,80.4,72.3,75.2,81.6,84.8,89.0,81.7,68.6,64.4,51.1,44.1,29.7,16.7,7.7
1962,Both sexes,303.7,289.8,288.0,238.8,163.3,146.1,151.4,164.3,168.9,172.9,158.6,138.2,129.6,105.5,92.2,63.1,36.8,18.9
1962,Female,148.7,141.7,140.2,115.9,80.1,73.3,76.5,83.7,84.8,85.0,76.4,68.2,65.7,53.6,48.5,33.6,20.3,11.1
1962,Male,155.0,148.1,147.8,122.9,83.2,72.8,74.9,80.6,84.1,87.9,82.2,70.0,63.9,51.9,43.7,29.5,16.5,7.8
1963,Both sexes,307.4,292.7,288.0,244.3,169.2,147.2,150.6,162.2,167.9,171.8,160.5,140.7,128.5,107.9,92.0,63.2,36.6,19.3
1963,Female,150.5,143.2,140.4,118.6,82.9,73.7,75.8,82.4,84.4,84.7,77.6,69.1,65.0,55.1,48.5,33.8,20.2,11.4
1963,Male,156.9,149.5,147.6,125.7,86.3,73.5,74.8,79.8,83.5,87.1,82.9,71.6,63.5,52.8,43.5,29.4,16.4,7.9
1964,Both sexes,310.5,295.1,287.4,249.6,174.7,148.1,149.4,159.8,166.6,170.1,162.1,142.9,127.0,110.1,91.4,63.1,36.3,19.6
1964,Female,152.0,144.4,140.3,121.2,85.5,74.0,74.8,81.0,83.8,84.1,78.6,69.8,64.1,56.5,48.3,33.9,20.1,11.6
1964,Male,158.5,150.7,147.1,128.4,89.2,74.1,74.6,78.8,82.8,86.0,83.5,73.1,62.9,53.6,43.1,29.2,16.2,8.0
1965,Both sexes,313.4,297.2,286.6,254.6,180.1,148.8,148.2,157.2,165.2,168.4,163.7,145.0,125.5,112.3,90.8,63.0,35.9,19.9
1965,Female,153.3,145.5,140.1,123.6,88.1,74.2,73.9,79.4,83.2,83.5,79.7,70.5,63.2,57.9,48.1,34.0,19.9,11.9
1965,Male,160.1,151.7,146.5,131.0,92.0,74.6,74.3,77.8,82.0,84.9,84.0,74.5,62.3,54.4,42.7,29.0,16.0,8.0
1966,Both sexes,315.9,299.0,285.5,259.4,185.3,149.3,146.6,154.3,163.4,166.5,165.0,147.1,123.8,114.2,90.1,62.8,35.6,20.3
1966,Female,154.6,146.5,139.8,126.0,90.6,74.3,72.8,77.8,82.4,82.9,80.6,71.2,62.2,59.2,47.9,34.1,19.8,12.2
1966,Male,161.3,152.4,145.6,133.3,94.7,75.0,73.8,76.5,81.0,83.6,84.3,75.8,61.6,55.0,42.2,28.7,15.8,8.1
1967,Both sexes,315.6,302.1,287.6,260.7,191.0,153.9,147.4,153.2,161.2,165.2,163.6,148.4,125.7,113.7,91.7,62.5,35.8,20.4
1967,Female,154.3,148.0,140.9,126.8,93.4,76.5,73.0,76.9,81.2,82.4,80.2,72.1,62.8,58.8,49.1,34.0,20.0,12.3
1967,Male,161.3,154.1,146.7,133.9,97.6,77.4,74.4,76.3,80.0,82.8,83.4,76.3,62.9,54.9,42.6,28.5,15.8,8.1
1968,Both sexes,314.8,305.0,289.6,261.8,196.5,158.1,148.1,151.9,158.8,163.5,162.2,149.6,127.4,113.0,93.4,62.2,35.8,20.5
1968,Female,153.8,149.4,141.9,127.5,96.0,78.3,73.2,76.0,79.7,81.7,79.8,73.0,63.4,58.3,50.3,33.9,20.1,12.4
1968,Male,161.0,155.6,147.7,134.3,100.5,79.8,74.9,75.9,79.1,81.8,82.4,76.6,64.0,54.7,43.1,28.3,15.7,8.1
1969,Both sexes,313.9,307.8,291.6,262.9,202.0,162.5,148.7,150.6,156.3,162.0,160.7,150.9,129.3,112.3,95.0,62.0,36.0,20.7
1969,Female,153.3,150.7,143.0,128.2,98.8,80.3,73.5,74.9,78.4,81.1,79.3,73.8,64.1,57.7,51.5,33.8,20.2,12.6
1969,Male,160.6,157.1,148.6,134.7,103.2,82.2,75.2,75.7,77.9,80.9,81.4,77.1,65.2,54.6,43.5,28.2,15.8,8.1
1970,Both sexes,314.4,312.0,294.8,264.9,208.5,167.5,149.9,149.8,154.5,160.9,159.8,152.8,131.6,112.2,97.0,62.1,36.3,20.9
1970,Female,153.3,152.7,144.6,129.4,101.9,82.7,73.9,74.3,77.3,80.8,79.1,75.1,65.0,57.6,53.0,34.0,20.6,12.7
1970,Male,161.1,159.3,150.2,135.5,106.6,84.8,76.0,75.5,77.2,80.1,80.7,77.7,66.6,54.6,44.0,28.1,15.7,8.2
1971,Both sexes,315.6,316.9,298.6,267.7,215.3,173.0,151.4,149.1,152.7,160.1,159.1,154.8,134.1,111.8,99.0,61.8,36.4,20.9
1971,Female,153.8,155.1,146.4,131.0,105.3,85.3,74.5,73.6,76.3,80.6,79.0,76.4,65.9,57.3,54.4,34.0,20.7,12.8
1971,Male,161.8,161.8,152.1,136.8,110.0,87.7,76.8,75.5,76.4,79.5,80.0,78.4,68.1,54.5,44.6,27.8,15.7,8.1
1972,Both sexes,319.1,320.9,303.0,273.5,221.2,180.7,159.2,152.5,153.6,159.4,158.4,154.9,134.6,114.3,99.0,62.6,36.6,21.1
1972,Female,155.5,157.0,148.5,133.8,108.2,89.0,78.3,75.1,76.5,80.0,78.8,76.7,66.4,58.6,54.2,34.7,21.0,13.0
1972,Male,163.6,163.9,154.5,139.7,113.0,91.6,80.9,77.4,77.1,79.4,79.6,78.2,68.1,55.7,44.7,27.9,15.6,8.1
1973,Both sexes,322.9,325.0,307.7,279.5,227.4,188.6,167.3,156.1,154.6,158.6,157.7,154.9,135.1,117.0,99.0,63.5,36.8,21.3
1973,Female,157.4,158.9,150.7,136.7,111.3,92.9,82.2,76.7,76.8,79.4,78.5,76.9,67.0,60.0,54.1,35.4,21.3,13.2
1973,Male,165.5,166.1,157.0,142.8,116.1,95.7,85.1,79.3,77.8,79.3,79.1,78.0,68.2,57.0,44.9,28.1,15.5,8.1
1974,Both sexes,326.7,329.4,312.7,285.8,233.8,196.9,175.8,159.8,155.6,157.9,157.0,155.0,135.7,119.8,99.0,64.4,37.0,21.5
1974,Female,159.3,161.0,153.0,139.8,114.5,97.0,86.2,78.4,77.0,78.7,78.3,77.2,67.5,61.4,53.9,36.1,21.6,13.3
1974,Male,167.4,168.4,159.7,146.0,119.4,99.9,89.5,81.4,78.5,79.2,78.7,77.8,68.2,58.3,45.1,28.3,15.4,8.1
1975,Both sexes,330.8,334.0,317.9,292.4,240.6,205.5,184.5,163.7,156.7,157.2,156.4,155.2,136.4,122.6,99.1,65.4,37.3,21.6
1975,Female,161.3,163.1,155.4,143.0,117.8,101.2,90.4,80.1,77.3,78.1,78.1,77.5,68.1,62.9,53.8,36.8,21.9,13.5
1975,Male,169.5,170.9,162.5,149.4,122.8,104.3,94.1,83.6,79.4,79.1,78.3,77.7,68.3,59.7,45.3,28.6,15.4,8.1
1976,Both sexes,334.5,338.1,322.8,298.7,247.1,214.0,193.3,167.5,157.6,156.3,155.6,155.1,136.9,125.5,99.1,66.3,37.5,21.8
1976,Female,163.1,165.0,157.6,146.0,121.0,105.3,94.6,81.8,77.5,77.4,77.8,77.7,68.6,64.4,53.6,37.6,22.2,13.7
1976,Male,171.4,173.1,165.2,152.7,126.1,108.7,98.7,85.7,80.1,78.9,77.8,77.4,68.3,61.1,45.5,28.7,15.3,8.1
1977,Both sexes,337.4,341.6,327.0,304.6,253.2,222.3,201.9,171.0,158.1,154.9,154.3,154.8,137.1,128.1,98.8,67.1,37.7,22.0
1977,Female,164.6,166.7,159.6,148.9,124.0,109.4,98.7,83.4,77.5,76.4,77.2,77.8,69.0,65.8,53.3,38.2,22.5,13.9
1977,Male,172.8,174.9,167.4,155.7,129.2,112.9,103.2,87.6,80.6,78.5,77.1,77.0,68.1,62.3,45.5,28.9,15.2,8.1
1978,Both sexes,340.1,344.9,331.1,310.3,259.2,230.5,210.4,174.4,158.6,153.5,152.9,154.2,137.1,130.7,98.4,67.9,37.8,22.1
1978,Female,166.0,168.3,161.5,151.7,127.1,113.5,102.8,84.9,77.5,75.4,76.6,77.8,69.3,67.1,53.0,39.0,22.8,14.0
1978,Male,174.1,176.6,169.6,158.5,132.2,117.1,107.6,89.5,81.0,78.1,76.2,76.4,67.8,63.5,45.6,29.0,15.0,8.1
1979,Both sexes,343.5,350.1,336.3,317.4,266.3,239.4,220.1,178.5,159.4,152.4,151.7,154.1,137.7,133.8,98.3,68.9,38.0,22.5
1979,Female,167.8,171.1,164.0,155.1,130.5,117.8,107.4,86.7,77.6,74.7,76.1,77.9,69.9,68.8,52.5,39.7,23.1,14.3
1979,Male,175.6,179.1,172.3,162.3,135.8,121.6,112.7,91.8,81.8,77.8,75.6,76.1,67.8,65.0,45.8,29.1,14.9,8.1
1980,Both sexes,347.8,349.4,338.3,321.4,270.8,242.4,225.7,185.8,162.4,152.0,150.5,151.7,138.3,133.7,100.6,68.6,39.2,22.7
1980,Female,169.7,170.5,164.7,157.2,132.9,119.6,110.3,90.5,79.0,74.3,75.1,77.0,70.5,69.1,53.5,39.4,24.0,14.7
1980,Male,178.1,178.9,173.6,164.3,137.9,122.8,115.3,95.4,83.4,77.7,75.4,74.6,67.8,64.6,47.0,29.1,15.1,8.0
1981,Both sexes,353.0,349.5,341.2,326.4,276.1,246.1,232.0,193.8,165.9,151.9,149.7,149.6,139.3,133.9,103.1,68.5,40.5,23.0
1981,Female,171.9,170.4,166.0,159.8,135.7,121.7,113.7,94.5,80.6,74.1,74.4,76.3,71.3,69.6,54.8,39.3,25.0,15.1
1981,Male,181.0,179.1,175.3,166.7,140.4,124.4,118.3,99.3,85.3,77.8,75.3,73.3,68.0,64.3,48.4,29.2,15.4,7.9
1982,Both sexes,349.2,351.5,344.7,329.1,279.7,249.8,235.3,201.9,171.8,154.5,149.9,148.8,140.0,133.7,105.2,70.2,41.1,23.6
1982,Female,170.1,171.3,167.7,160.9,137.8,123.8,115.6,98.7,83.6,75.4,74.3,75.8,71.9,69.7,56.1,40.2,25.5,15.6
1982,Male,179.1,180.2,177.0,168.2,141.9,126.0,119.7,103.2,88.2,79.1,75.6,73.0,68.1,64.0,49.1,30.0,15.6,8.0
1983,Both sexes,343.8,352.3,346.9,330.4,282.1,252.6,237.7,209.3,177.2,156.8,149.7,147.6,140.3,133.0,106.9,71.7,41.6,24.1
1983,Female,167.4,171.7,168.9,161.4,139.2,125.6,117.1,102.6,86.3,76.5,74.0,75.0,72.3,69.6,57.2,41.0,25.8,16.1
1983,Male,176.4,180.6,178.0,169.0,142.9,127.0,120.6,106.7,90.9,80.3,75.7,72.6,68.0,63.4,49.7,30.7,15.8,8.0
1984,Both sexes,338.5,353.0,349.1,332.0,284.6,255.5,240.3,216.8,182.8,159.0,149.6,146.4,140.7,132.2,108.6,73.1,42.2,24.6
1984,Female,164.8,172.0,170.0,162.0,140.8,127.3,118.7,106.5,89.2,77.6,73.8,74.2,72.7,69.4,58.4,41.7,26.3,16.6
1984,Male,173.7,181.0,179.1,170.0,143.8,128.2,121.6,110.3,93.6,81.4,75.8,72.2,68.0,62.8,50.2,31.4,15.9,8.0
1985,Both sexes,331.8,352.4,350.1,332.0,286.0,257.4,241.9,223.6,187.5,160.6,148.8,144.5,140.6,131.0,109.9,74.3,42.6,25.0
1985,Female,161.5,171.7,170.6,161.8,141.8,128.5,119.8,110.0,91.6,78.4,73.2,73.0,72.9,69.0,59.3,42.3,26.6,17.0
1985,Male,170.3,180.7,179.5,170.2,144.2,128.9,122.1,113.6,95.9,82.2,75.6,71.5,67.7,62.0,50.6,32.0,16.0,8.0
1986,Both sexes,324.1,350.7,350.0,331.1,286.4,258.4,242.7,229.7,191.8,161.7,147.5,142.2,140.0,129.5,111.0,75.5,42.9,25.5
1986,Female,157.7,170.8,170.6,161.2,142.3,129.4,120.5,113.3,93.8,79.0,72.4,71.7,72.8,68.4,60.1,42.9,26.8,17.4
1986,Male,166.4,179.8,179.4,169.9,144.1,129.1,122.2,116.4,98.0,82.8,75.2,70.5,67.2,61.1,50.9,32.6,16.1,8.0
1987,Both sexes,315.3,352.0,347.1,329.4,286.4,256.1,245.4,231.7,202.8,161.9,150.8,140.1,139.3,129.1,111.1,78.0,43.7,26.3
1987,Female,153.3,171.6,169.0,161.2,141.6,128.8,122.4,114.5,99.5,78.8,74.1,70.3,72.6,68.3,60.7,44.1,27.3,18.1
1987,Male,162.0,180.4,178.1,168.1,144.9,127.3,123.0,117.1,103.3,83.1,76.7,69.8,66.6,60.8,50.4,33.9,16.4,8.2
1988,Both sexes,303.6,349.3,340.9,330.0,278.8,251.0,243.6,235.5,209.2,168.2,149.3,141.9,136.2,132.9,107.7,81.6,43.9,27.1
1988,Female,147.7,170.4,166.0,162.5,137.4,127.2,122.2,116.6,102.8,82.2,73.3,70.9,70.9,70.6,58.9,46.2,27.4,18.7
1988,Male,155.9,178.9,174.9,167.5,141.4,123.7,121.4,118.9,106.3,86.0,76.1,70.9,65.3,62.3,48.8,35.4,16.5,8.5
1989,Both sexes,292.2,341.6,339.6,327.2,270.4,246.5,242.1,236.3,216.3,172.1,151.0,141.3,135.4,133.3,107.5,83.3,45.3,28.0
1989,Female,142.4,166.0,165.6,161.8,132.6,126.0,122.8,117.0,106.8,84.4,74.4,70.4,70.4,71.0,58.8,47.5,28.2,19.4
1989,Male,149.8,175.6,174.0,165.4,137.8,120.5,119.3,119.2,109.5,87.7,76.6,70.9,65.0,62.4,48.7,35.8,17.2,8.6
1990,Both sexes,282.2,328.7,343.7,328.3,265.8,246.1,243.2,237.9,221.9,177.8,154.4,141.5,134.4,132.3,107.8,84.5,47.1,28.3
1990,Female,137.9,159.7,167.2,161.0,130.0,125.7,123.5,118.2,109.9,87.1,76.2,70.4,69.5,70.4,59.0,48.5,29.1,19.7
1990,Male,144.3,169.0,176.4,167.3,135.8,120.4,119.7,119.7,112.0,90.6,78.2,71.1,64.9,61.9,48.9,35.9,18.0,8.6
1991,Both sexes,273.7,318.5,348.3,335.0,266.6,246.3,249.1,237.9,225.7,187.8,156.8,142.5,134.6,130.8,109.3,84.1,49.3,29.4
1991,Female,133.8,155.2,169.4,163.6,130.1,125.7,125.9,119.2,111.8,92.3,76.9,70.9,69.0,69.8,60.1,48.4,30.3,20.5
1991,Male,140.6,163.3,178.9,171.4,136.5,120.7,123.2,118.7,113.9,95.4,79.9,71.7,65.6,61.0,49.2,35.7,19.0,8.9
1992,Both sexes,269.5,310.7,350.7,333.3,276.9,247.1,253.5,241.5,228.6,199.0,158.6,144.8,134.6,130.2,110.3,83.6,51.6,30.1
1992,Female,131.3,151.1,170.4,162.5,134.7,126.0,127.9,121.6,113.6,97.7,77.6,72.1,68.4,69.7,60.7,48.3,31.5,21.1
1992,Male,138.2,159.6,180.3,170.7,142.3,121.1,125.6,120.0,114.9,101.3,81.0,72.8,66.2,60.6,49.6,35.3,20.1,9.0
1993,Both sexes,264.5,302.6,349.9,330.5,285.4,246.5,256.1,244.1,232.3,207.7,165.1,145.3,136.2,128.2,113.3,81.8,53.6,31.1
1993,Female,128.6,147.3,170.1,161.0,138.6,125.0,130.0,123.1,115.5,101.9,81.0,72.1,69.0,68.3,62.6,47.4,32.7,21.8
1993,Male,135.9,155.2,179.8,169.4,146.8,121.5,126.1,121.0,116.8,105.8,84.1,73.2,67.3,59.9,50.8,34.3,20.9,9.2
1994,Both sexes,260.3,293.4,344.9,331.0,290.1,247.3,257.8,247.4,234.0,215.8,170.6,147.9,136.7,126.9,113.9,81.7,54.6,31.5
1994,Female,126.2,143.0,167.2,161.8,141.2,124.2,131.9,124.8,116.5,106.3,83.7,73.6,68.9,67.4,62.9,47.5,33.5,22.2
1994,Male,134.1,150.5,177.8,169.2,148.9,123.1,125.9,122.6,117.5,109.5,86.9,74.4,67.9,59.5,51.0,34.3,21.1,9.3
1995,Both sexes,255.5,287.3,335.2,335.2,290.4,252.5,259.8,249.7,237.7,222.3,176.4,151.7,136.4,126.6,113.3,82.4,55.9,33.1
1995,Female,123.9,139.9,162.7,163.8,142.5,126.5,132.7,126.4,118.6,110.0,86.6,75.5,68.6,66.9,62.9,47.8,34.6,23.1
1995,Male,131.6,147.3,172.4,171.4,148.0,126.0,127.1,123.2,119.1,112.3,89.8,76.2,67.9,59.7,50.4,34.7,21.3,10.0
1996,Both sexes,250.4,282.9,326.1,339.5,293.4,259.0,260.9,255.7,240.4,225.4,186.6,153.8,137.9,126.8,112.5,84.1,55.8,34.7
1996,Female,121.6,137.6,158.7,165.6,144.2,129.7,133.2,129.5,120.4,111.6,91.8,76.0,69.3,66.6,62.4,48.9,34.7,24.1
1996,Male,128.7,145.3,167.4,174.0,149.1,129.4,127.7,126.1,120.1,113.8,94.8,77.8,68.7,60.3,50.1,35.2,21.1,10.6
1997,Both sexes,250.0,277.9,318.0,343.7,297.2,264.4,265.1,260.7,247.4,228.2,198.3,156.1,140.9,126.7,112.8,85.0,55.8,35.8
1997,Female,121.3,135.7,154.5,167.6,145.9,132.5,135.2,132.0,124.0,113.4,97.6,76.9,70.8,65.9,62.6,49.4,34.9,24.9
1997,Male,128.7,142.2,163.5,176.2,151.3,132.0,129.9,128.7,123.3,114.8,100.8,79.2,70.2,60.9,50.2,35.6,20.9,11.0
1998,Both sexes,253.6,273.8,308.3,343.7,299.1,272.4,267.9,267.1,251.3,232.8,207.9,162.4,142.3,128.2,111.7,88.3,54.6,37.4
1998,Female,122.9,133.6,150.1,168.0,146.7,135.8,136.1,135.3,126.3,116.1,102.1,80.3,71.5,66.0,62.0,51.6,34.2,26.0
1998,Male,130.8,140.3,158.3,175.7,152.3,136.6,131.8,131.9,125.1,116.7,105.8,82.2,70.9,62.2,49.8,36.8,20.5,11.4
1999,Both sexes,259.8,270.6,300.2,338.5,303.9,279.7,271.9,273.5,255.7,234.7,217.5,168.2,145.5,128.8,111.1,89.1,54.6,38.3
1999,Female,125.8,131.9,146.2,164.7,150.3,139.3,138.0,138.3,128.2,117.1,107.1,83.0,73.0,65.9,61.4,52.1,34.2,26.8
1999,Male,134.0,138.7,154.1,173.8,153.6,140.5,133.9,135.2,127.5,117.6,110.4,85.2,72.5,63.0,49.7,37.0,20.4,11.5
2000,Both sexes,266.2,266.7,295.1,329.4,311.9,289.4,277.5,280.2,260.5,239.1,225.0,174.3,149.7,129.3,111.3,88.9,55.8,39.4
2000,Female,128.9,130.1,143.8,160.5,154.5,143.3,140.0,142.0,130.8,119.3,110.8,86.1,74.9,66.0,61.1,52.0,34.8,27.6
2000,Male,137.2,136.6,151.3,168.9,157.4,146.0,137.5,138.2,129.7,119.8,114.1,88.2,74.8,63.3,50.3,36.9,21.0,11.8
2001,Both sexes,273.2,263.7,290.6,320.4,317.6,300.8,288.6,285.1,267.6,243.9,228.2,185.8,151.7,130.8,111.8,89.2,57.6,40.4
2001,Female,133.0,128.2,141.6,156.2,157.1,149.7,144.4,143.9,134.6,121.5,112.7,91.8,75.8,66.8,60.8,52.1,35.9,28.2
2001,Male,140.4,135.5,149.0,164.3,160.5,151.2,144.2,141.2,133.0,122.4,115.5,94.0,75.9,64.0,51.1,37.1,21.7,12.2
2002,Both sexes,277.6,264.1,285.7,313.2,328.3,312.7,304.7,290.9,272.0,249.6,230.8,197.3,154.3,133.5,112.1,89.8,58.9,41.7
2002,Female,135.6,128.2,139.6,152.8,163.0,156.6,152.3,146.4,136.7,124.6,114.3,97.5,76.7,68.2,60.4,52.4,36.6,29.2
2002,Male,142.0,135.9,146.1,160.4,165.3,156.1,152.4,144.5,135.3,125.0,116.6,99.8,77.6,65.3,51.7,37.4,22.3,12.5
2003,Both sexes,284.3,268.7,281.7,304.7,334.0,317.4,316.1,296.4,279.2,253.7,235.1,206.6,160.3,135.0,113.8,89.5,61.7,41.9
2003,Female,138.9,130.9,137.3,148.8,167.0,158.8,157.9,149.0,140.3,126.8,116.6,101.6,79.6,69.0,60.6,52.3,38.3,29.3
2003,Male,145.4,137.8,144.4,155.9,167.0,158.6,158.2,147.4,138.9,126.9,118.5,104.9,80.7,66.0,53.2,37.3,23.4,12.6
2004,Both sexes,290.7,274.9,278.2,298.4,336.1,325.4,325.1,303.5,286.0,259.2,238.1,213.9,166.0,137.5,115.7,90.0,63.1,43.4
2004,Female,142.0,133.8,135.4,145.7,167.9,162.5,163.4,151.1,143.5,129.6,118.0,105.4,82.2,70.2,61.1,52.2,39.2,30.2
2004,Male,148.7,141.2,142.8,152.7,168.2,162.9,161.8,152.4,142.5,129.7,120.1,108.5,83.8,67.3,54.6,37.8,23.9,13.2
2005,Both sexes,296.5,280.6,276.3,292.8,339.5,345.2,335.8,312.1,294.1,265.4,243.1,221.4,172.1,140.8,117.4,91.0,64.0,45.7
2005,Female,144.9,136.3,134.4,143.0,169.5,171.1,167.0,154.4,147.1,132.6,120.2,109.4,85.4,71.7,61.7,52.2,39.7,31.7
2005,Male,151.7,144.3,142.0,149.8,170.0,174.1,168.7,157.8,147.1,132.9,122.9,112.0,86.7,69.1,55.7,38.8,24.3,14.0
2006,Both sexes,302.3,288.5,274.2,290.9,347.5,375.2,347.9,320.4,299.8,273.8,246.4,223.9,179.8,141.2,117.5,91.4,64.4,47.8
2006,Female,147.7,140.4,133.5,142.2,172.0,185.0,171.5,157.7,149.3,136.4,122.3,110.7,89.1,71.4,61.7,51.8,39.9,33.1
2006,Male,154.7,148.1,140.7,148.7,175.5,190.2,176.4,162.8,150.4,137.4,124.1,113.2,90.6,69.9,55.8,39.7,24.5,14.8
2007,Both sexes,310.5,297.2,276.5,291.4,371.7,399.8,361.3,335.3,308.1,281.2,253.2,227.9,190.7,144.1,119.5,92.5,65.6,49.4
2007,Female,151.1,145.4,134.6,144.0,184.1,197.2,176.8,164.0,153.2,140.1,125.8,112.7,94.5,72.2,62.6,51.6,40.5,34.2
2007,Male,159.4,151.9,141.9,147.5,187.6,202.6,184.6,171.3,154.9,141.2,127.4,115.2,96.1,71.9,56.9,40.8,25.0,15.2
2008,Both sexes,324.0,306.2,283.1,295.6,373.6,408.3,369.5,348.6,313.6,288.5,258.0,232.6,199.8,149.8,121.7,94.5,65.9,51.9
2008,Female,158.1,150.0,137.9,146.0,187.1,203.6,182.6,171.0,156.1,143.9,128.5,115.3,98.8,75.4,63.6,52.1,40.5,36.0
2008,Male,165.9,156.3,145.3,149.6,186.5,204.7,186.9,177.6,157.5,144.5,129.5,117.3,101.0,74.4,58.1,42.4,25.3,15.9
2009,Both sexes,335.2,310.7,290.5,294.3,354.4,400.6,374.5,356.3,316.7,295.6,262.3,235.7,207.7,156.6,124.6,96.8,66.9,54.0
2009,Female,163.8,152.2,141.2,143.9,180.9,202.1,186.4,176.0,157.3,147.7,130.7,117.0,102.8,78.6,64.8,52.9,40.6,37.2
2009,Male,171.4,158.5,149.2,150.3,173.5,198.4,188.1,180.3,159.5,147.9,131.6,118.7,104.9,78.0,59.8,43.9,26.3,16.8
2010,Both sexes,347.0,314.6,296.1,289.4,326.3,381.6,381.2,359.7,321.8,300.9,267.4,239.6,214.0,163.5,127.9,99.1,68.4,56.1
2010,Female,169.4,153.8,144.0,141.7,166.2,195.6,191.4,178.7,159.6,151.1,133.7,119.3,106.4,82.0,66.2,54.0,41.0,38.5
2010,Male,177.6,160.8,152.1,147.7,160.1,186.1,189.8,181.0,162.2,149.8,133.7,120.3,107.6,81.5,61.8,45.1,27.3,17.7
2011,Both sexes,356.0,319.6,301.0,281.0,298.6,362.9,393.4,363.1,329.3,304.1,273.7,243.4,217.1,172.1,130.1,101.4,69.8,58.2
2011,Female,174.1,156.2,146.6,137.4,149.9,187.8,198.5,181.2,163.4,152.9,137.1,121.6,107.9,86.5,67.2,55.0,41.5,39.8
2011,Male,182.0,163.5,154.5,143.7,148.6,175.1,194.9,181.9,165.9,151.3,136.7,121.8,109.2,85.6,62.9,46.3,28.3,18.4
2012,Both sexes,358.2,325.3,304.5,281.5,285.1,341.5,394.0,365.2,334.6,307.7,278.2,248.0,219.9,181.6,133.1,103.9,71.5,59.8
2012,Female,175.4,159.0,148.3,137.2,143.6,178.1,200.8,182.9,166.6,154.7,139.9,124.2,109.8,91.0,68.5,56.1,41.9,40.8
2012,Male,182.7,166.4,156.3,144.3,141.5,163.4,193.3,182.3,168.0,153.0,138.3,123.8,110.1,90.6,64.6,47.8,29.6,19.0
2013,Both sexes,353.0,333.0,307.9,284.4,278.9,321.8,391.4,366.8,341.0,310.1,282.8,251.1,223.2,190.0,138.7,106.4,73.4,60.7
2013,Female,173.1,162.3,150.8,138.5,138.8,167.1,200.6,184.2,170.1,155.7,142.2,126.0,111.7,95.1,71.3,57.2,42.5,41.4
2013,Male,180.0,170.7,157.1,145.9,140.1,154.7,190.7,182.7,170.9,154.4,140.6,125.1,111.5,94.9,67.4,49.2,30.8,19.3
2014,Both sexes,345.4,342.1,310.1,290.6,276.6,305.9,382.5,371.6,347.4,312.6,289.2,255.7,226.4,197.2,144.4,109.1,76.1,62.7
2014,Female,169.3,167.0,151.6,141.4,137.3,158.7,197.6,187.8,174.4,156.5,145.8,128.5,113.4,98.7,74.0,58.4,43.5,42.4
2014,Male,176.0,175.1,158.4,149.1,139.4,147.2,184.9,183.8,172.9,156.1,143.4,127.2,112.9,98.5,70.4,50.7,32.6,20.3
2015,Both sexes,337.9,349.3,314.4,296.1,275.5,298.7,369.2,379.8,353.0,317.0,295.2,260.6,230.8,203.6,150.8,112.2,78.8,64.9
2015,Female,165.6,170.8,153.6,144.1,135.6,155.0,192.2,192.9,178.0,158.6,149.1,131.3,115.9,102.3,77.2,59.7,44.7,43.5
2015,Male,172.4,178.5,160.9,152.0,139.9,143.7,177.0,186.9,175.0,158.4,146.1,129.3,115.0,101.2,73.6,52.4,34.1,21.4
2016,Both sexes,331.4,355.3,318.9,301.2,273.5,296.7,360.3,388.1,356.5,324.9,298.4,268.2,236.5,208.0,159.9,114.2,80.5,67.3
2016,Female,161.7,173.9,155.7,146.9,135.1,151.5,187.8,197.5,179.3,162.4,150.8,135.1,118.7,104.5,81.6,60.7,45.5,44.4
2016,Male,169.7,181.4,163.1,154.4,138.4,145.2,172.5,190.6,177.2,162.5,147.7,133.1,117.7,103.4,78.4,53.5,34.9,23.0
2017,Both sexes,325.0,360.7,324.7,309.6,277.4,294.0,349.2,396.1,364.0,334.6,304.5,275.2,243.5,212.7,170.1,117.3,83.2,69.1
2017,Female,158.8,176.7,158.4,151.5,136.5,148.7,182.1,203.0,183.8,167.6,153.9,138.9,122.5,107.1,86.7,62.0,46.8,45.0
2017,Male,166.2,184.0,166.2,158.1,140.9,145.2,167.1,193.2,180.2,167.0,150.6,136.3,121.0,105.5,83.3,55.3,36.4,24.2
2018,Both sexes,320.0,359.6,334.8,318.1,291.2,293.4,337.7,400.6,371.0,343.5,308.6,281.6,248.3,217.8,178.8,122.6,85.5,71.8
2018,Female,156.1,175.8,163.2,156.0,142.9,146.8,175.5,206.7,187.9,172.0,155.7,142.3,125.2,110.0,90.9,64.6,47.8,46.0
2018,Male,163.9,183.9,171.6,162.1,148.3,146.6,162.2,193.9,183.2,171.5,153.0,139.2,123.2,107.8,87.8,57.9,37.7,25.8
2019,Both sexes,315.0,355.9,344.7,322.1,301.7,291.5,333.7,399.6,381.2,354.4,313.4,288.1,255.9,221.6,187.1,130.3,88.2,74.1
2019,Female,153.7,173.3,167.7,158.7,148.1,145.0,172.2,206.6,194.1,177.8,157.4,146.0,129.1,112.1,95.8,68.4,49.1,46.9
2019,Male,161.3,182.6,176.9,163.3,153.6,146.5,161.5,192.9,187.2,176.6,156.0,142.1,126.8,109.5,91.3,61.9,39.1,27.2
2020,Both sexes,308.7,350.2,354.7,327.4,310.5,296.4,331.6,389.8,394.3,362.6,319.9,296.0,261.6,228.7,192.5,138.5,90.8,75.6
2020,Female,150.0,170.6,173.2,161.0,152.1,148.3,170.3,201.7,200.8,182.6,160.5,150.2,132.7,115.8,98.2,72.6,50.1,47.6
2020,Male,158.8,179.6,181.6,166.4,158.4,148.1,161.2,188.1,193.5,180.1,159.4,145.8,128.9,113.0,94.3,65.9,40.7,28.0
2021,Both sexes,300.9,342.7,364.0,329.0,311.4,294.8,330.5,383.0,403.6,368.2,329.5,301.2,268.5,234.1,196.2,147.2,92.4,77.5
2021,Female,146.8,166.7,178.5,161.4,153.1,147.3,169.4,198.7,206.1,185.1,164.7,152.2,135.8,118.6,99.8,76.8,50.8,49.0
2021,Male,154.1,176.0,185.6,167.6,158.3,147.5,161.0,184.3,197.5,183.1,164.8,149.0,132.7,115.5,96.5,70.4,41.6,28.6
2022,Both sexes,295.8,343.6,374.9,337.8,311.9,299.1,334.5,385.8,414.7,376.0,342.9,309.7,275.8,240.5,204.7,155.0,96.8,84.4
2022,Female,144.2,167.7,183.4,165.1,153.9,150.0,173.1,201.5,212.7,189.5,171.4,156.5,139.8,121.9,104.5,80.9,53.0,52.8
2022,Male,151.6,175.9,191.5,172.6,158.0,149.1,161.4,184.3,202.1,186.5,171.4,153.2,136.0,118.6,100.2,74.1,43.7,31.6
2023,Both sexes,293.8,338.6,379.2,349.5,317.8,308.5,337.0,384.5,427.7,382.7,354.5,316.3,285.2,244.8,210.5,162.1,101.8,87.1
2023,Female,144.6,165.2,185.3,170.7,156.5,153.8,173.6,201.2,221.0,194.0,178.0,160.2,145.0,124.6,107.9,84.3,55.6,53.9
2023,Male,149.2,173.4,193.9,178.7,161.3,154.7,163.4,183.3,206.7,188.7,176.4,156.1,140.3,120.2,102.6,77.8,46.1,33.1
