,year,sex,age_group,Border,Dublin,Mid-East,Mid-West,Midland,South-East,South-West,State,West
0,2011,Both sexes,0 - 4 years,30.7,93.3,58.5,35.0,23.9,32.0,50.1,356.0,32.6
1,2011,Both sexes,10 - 14 years,28.1,72.8,46.9,32.0,20.4,28.5,43.3,301.0,29.0
2,2011,Both sexes,15 - 19 years,25.9,72.0,40.7,29.9,18.1,25.9,40.8,281.0,27.9
3,2011,Both sexes,20 - 24 years,23.8,93.6,39.7,29.3,17.4,24.9,42.0,298.6,28.1
4,2011,Both sexes,25 - 29 years,26.3,125.9,47.8,32.7,21.0,28.2,49.2,362.9,31.7
5,2011,Both sexes,30 - 34 years,29.1,127.2,56.4,36.2,23.0,32.4,54.5,393.4,34.6
6,2011,Both sexes,35 - 39 years,28.7,103.7,56.9,35.3,22.0,31.5,51.6,363.1,33.3
7,2011,Both sexes,40 - 44 years,27.7,87.4,51.4,33.4,20.7,29.9,47.7,329.3,31.2
8,2011,Both sexes,45 - 49 years,26.1,79.4,45.4,31.5,18.8,28.3,45.5,304.1,29.2
9,2011,Both sexes,5 - 9 years,28.4,78.6,52.4,32.4,21.9,30.1,44.9,319.6,30.8
10,2011,Both sexes,50 - 54 years,24.0,71.4,38.2,29.2,17.0,25.3,40.9,273.7,27.7
11,2011,Both sexes,55 - 59 years,22.0,62.4,33.0,26.6,14.9,22.5,36.7,243.4,25.3
12,2011,Both sexes,60 - 64 years,20.2,55.2,28.7,24.4,13.0,20.2,33.0,217.1,22.5
13,2011,Both sexes,65 - 69 years,16.1,43.3,22.2,19.2,10.3,16.7,26.4,172.1,17.9
14,2011,Both sexes,70 - 74 years,12.1,34.8,15.0,14.4,7.6,12.6,20.1,130.1,13.4
15,2011,Both sexes,75 - 79 years,9.7,27.2,10.8,11.2,6.1,9.7,15.8,101.4,10.8
16,2011,Both sexes,80 - 84 years,6.9,18.7,7.2,7.8,4.2,6.3,10.9,69.8,7.8
17,2011,Both sexes,85 years and over,6.3,14.6,6.3,6.3,3.5,5.3,8.9,58.2,7.0
18,2011,Both sexes,All ages,391.9,1261.5,657.4,466.8,283.8,410.3,662.3,4574.9,440.8
19,2011,Female,0 - 4 years,15.0,45.7,28.7,17.0,11.6,15.6,24.6,174.1,16.0
20,2011,Female,10 - 14 years,13.6,35.2,22.8,15.7,10.0,13.9,21.2,146.6,14.2
21,2011,Female,15 - 19 years,12.6,35.1,19.8,14.6,8.9,12.8,20.1,137.4,13.6
22,2011,Female,20 - 24 years,11.8,47.9,20.0,14.4,8.6,12.4,21.0,149.9,13.9
23,2011,Female,25 - 29 years,13.4,65.5,25.1,16.6,10.8,14.6,25.5,187.8,16.2
24,2011,Female,30 - 34 years,14.6,64.3,28.8,18.0,11.6,16.4,27.5,198.5,17.4
25,2011,Female,35 - 39 years,14.2,51.9,28.7,17.5,10.9,15.7,25.4,181.2,16.7
26,2011,Female,40 - 44 years,13.6,43.9,25.5,16.5,10.2,14.8,23.5,163.4,15.4
27,2011,Female,45 - 49 years,13.0,41.1,22.5,15.7,9.3,14.1,22.6,152.9,14.6
28,2011,Female,5 - 9 years,13.7,38.6,25.4,16.0,10.8,14.7,21.9,156.2,15.1
29,2011,Female,50 - 54 years,12.0,36.9,19.0,14.3,8.2,12.6,20.3,137.1,13.8
30,2011,Female,55 - 59 years,10.7,32.5,16.4,13.1,7.2,11.1,18.2,121.6,12.4
31,2011,Female,60 - 64 years,9.8,28.5,14.2,12.0,6.4,9.9,16.2,107.9,10.9
32,2011,Female,65 - 69 years,7.7,22.8,11.0,9.6,5.1,8.3,13.3,86.5,8.7
33,2011,Female,70 - 74 years,6.1,18.9,7.7,7.3,3.9,6.3,10.4,67.2,6.6
34,2011,Female,75 - 79 years,5.1,15.6,5.8,5.9,3.2,5.1,8.6,55.0,5.6
35,2011,Female,80 - 84 years,3.9,11.7,4.3,4.5,2.5,3.6,6.4,41.5,4.5
36,2011,Female,85 years and over,4.2,10.3,4.4,4.3,2.3,3.5,6.1,39.8,4.7
37,2011,Female,All ages,194.9,646.2,330.1,233.2,141.4,205.6,332.7,2304.4,220.3
38,2011,Male,0 - 4 years,15.8,47.6,29.7,18.0,12.3,16.4,25.5,182.0,16.6
39,2011,Male,10 - 14 years,14.5,37.5,24.2,16.3,10.4,14.6,22.1,154.5,14.8
40,2011,Male,15 - 19 years,13.3,36.9,20.9,15.3,9.2,13.1,20.7,143.7,14.2
41,2011,Male,20 - 24 years,12.0,45.7,19.7,14.8,8.8,12.4,21.1,148.6,14.1
42,2011,Male,25 - 29 years,12.8,60.4,22.7,16.1,10.2,13.6,23.7,175.1,15.6
43,2011,Male,30 - 34 years,14.5,62.9,27.6,18.2,11.4,16.0,27.0,194.9,17.3
44,2011,Male,35 - 39 years,14.5,51.9,28.2,17.8,11.1,15.8,26.1,181.9,16.6
45,2011,Male,40 - 44 years,14.0,43.5,25.9,16.9,10.5,15.1,24.2,165.9,15.8
46,2011,Male,45 - 49 years,13.1,38.3,22.8,15.8,9.5,14.1,22.9,151.3,14.7
47,2011,Male,5 - 9 years,14.7,40.0,27.0,16.4,11.2,15.4,23.0,163.5,15.7
48,2011,Male,50 - 54 years,12.1,34.6,19.2,14.9,8.7,12.7,20.6,136.7,13.9
49,2011,Male,55 - 59 years,11.3,30.0,16.5,13.6,7.7,11.4,18.6,121.8,12.8
50,2011,Male,60 - 64 years,10.4,26.7,14.5,12.3,6.6,10.3,16.8,109.2,11.6
51,2011,Male,65 - 69 years,8.4,20.5,11.2,9.6,5.2,8.3,13.2,85.6,9.2
52,2011,Male,70 - 74 years,6.0,15.9,7.4,7.1,3.8,6.3,9.7,62.9,6.8
53,2011,Male,75 - 79 years,4.7,11.7,5.0,5.2,2.9,4.5,7.2,46.3,5.2
54,2011,Male,80 - 84 years,2.9,7.0,2.9,3.2,1.8,2.7,4.4,28.3,3.3
55,2011,Male,85 years and over,2.1,4.4,1.9,2.0,1.2,1.7,2.8,18.4,2.3
56,2011,Male,All ages,197.0,615.4,327.3,233.7,142.4,204.7,329.6,2270.5,220.5
57,2012,Both sexes,0 - 4 years,30.7,94.0,58.6,35.1,24.4,32.0,50.5,358.2,32.8
58,2012,Both sexes,10 - 14 years,28.0,73.6,48.1,32.0,21.1,29.0,43.6,304.5,29.2
59,2012,Both sexes,15 - 19 years,26.2,70.0,41.3,30.5,18.1,26.3,41.4,281.5,27.6
60,2012,Both sexes,20 - 24 years,22.1,89.1,37.3,29.4,15.8,24.0,41.4,285.1,25.9
61,2012,Both sexes,25 - 29 years,24.9,117.7,45.1,31.2,20.7,26.8,45.8,341.5,29.1
62,2012,Both sexes,30 - 34 years,28.9,127.6,56.6,36.3,23.4,31.9,54.7,394.0,34.6
63,2012,Both sexes,35 - 39 years,28.8,104.0,57.3,35.6,22.5,31.5,52.2,365.2,33.3
64,2012,Both sexes,40 - 44 years,27.8,88.9,52.9,33.9,21.4,29.9,48.5,334.6,31.3
65,2012,Both sexes,45 - 49 years,26.3,79.5,46.7,31.9,19.0,28.7,45.8,307.7,29.8
66,2012,Both sexes,5 - 9 years,28.7,80.6,53.3,33.0,22.5,30.4,45.9,325.3,30.9
67,2012,Both sexes,50 - 54 years,24.3,72.7,39.4,29.4,17.0,25.7,41.7,278.2,27.9
68,2012,Both sexes,55 - 59 years,22.4,63.4,34.1,26.9,15.1,22.8,37.3,248.0,25.8
69,2012,Both sexes,60 - 64 years,20.3,56.0,29.2,24.6,13.1,20.4,33.4,219.9,22.9
70,2012,Both sexes,65 - 69 years,17.1,45.6,23.7,20.3,10.9,17.4,28.0,181.6,18.6
71,2012,Both sexes,70 - 74 years,12.3,35.3,15.8,14.8,7.7,12.9,20.7,133.1,13.7
72,2012,Both sexes,75 - 79 years,9.9,28.0,11.3,11.4,6.4,9.9,16.1,103.9,10.9
73,2012,Both sexes,80 - 84 years,7.0,19.4,7.4,7.9,4.2,6.6,11.2,71.5,7.9
74,2012,Both sexes,85 years and over,6.4,15.3,6.5,6.5,3.6,5.4,9.1,59.8,7.1
75,2012,Both sexes,All ages,392.1,1260.6,664.7,470.6,287.2,411.6,667.4,4593.7,439.4
76,2012,Female,0 - 4 years,14.9,46.2,28.9,17.1,11.9,15.5,24.9,175.4,16.0
77,2012,Female,10 - 14 years,13.6,35.7,23.1,15.8,10.3,14.1,21.3,148.3,14.3
78,2012,Female,15 - 19 years,12.5,34.0,20.2,14.7,9.1,12.9,20.2,137.2,13.4
79,2012,Female,20 - 24 years,10.5,46.1,19.3,13.9,8.4,12.2,20.3,143.6,12.9
80,2012,Female,25 - 29 years,12.6,62.3,23.6,15.9,10.7,13.9,24.0,178.1,15.2
81,2012,Female,30 - 34 years,14.7,65.2,29.1,18.2,11.9,16.2,27.8,200.8,17.7
82,2012,Female,35 - 39 years,14.3,52.5,28.9,17.6,11.2,15.6,25.8,182.9,16.9
83,2012,Female,40 - 44 years,13.7,44.8,26.3,16.8,10.5,14.8,24.1,166.6,15.7
84,2012,Female,45 - 49 years,13.1,40.9,23.2,16.0,9.4,14.5,22.7,154.7,14.8
85,2012,Female,5 - 9 years,13.9,39.7,25.9,16.3,11.0,14.8,22.3,159.0,15.1
86,2012,Female,50 - 54 years,12.2,37.4,19.7,14.6,8.3,12.9,20.8,139.9,14.0
87,2012,Female,55 - 59 years,11.0,33.0,17.0,13.3,7.4,11.3,18.5,124.2,12.7
88,2012,Female,60 - 64 years,9.9,29.0,14.6,12.2,6.4,10.1,16.5,109.8,11.2
89,2012,Female,65 - 69 years,8.2,24.0,11.7,10.1,5.4,8.7,14.0,91.0,8.9
90,2012,Female,70 - 74 years,6.1,19.1,8.0,7.5,3.9,6.4,10.7,68.5,6.8
91,2012,Female,75 - 79 years,5.2,16.0,6.1,6.0,3.3,5.2,8.8,56.1,5.6
92,2012,Female,80 - 84 years,3.9,12.0,4.3,4.5,2.4,3.7,6.6,41.9,4.5
93,2012,Female,85 years and over,4.3,10.6,4.6,4.4,2.3,3.6,6.3,40.8,4.8
94,2012,Female,All ages,194.4,648.5,334.5,234.8,143.8,206.7,335.5,2318.7,220.5
95,2012,Male,0 - 4 years,15.8,47.8,29.7,18.0,12.5,16.5,25.6,182.7,16.8
96,2012,Male,10 - 14 years,14.5,37.8,25.0,16.2,10.8,14.8,22.3,156.3,14.9
97,2012,Male,15 - 19 years,13.6,36.0,21.1,15.8,9.1,13.4,21.2,144.3,14.1
98,2012,Male,20 - 24 years,11.6,43.0,18.1,15.4,7.5,11.8,21.1,141.5,13.1
99,2012,Male,25 - 29 years,12.4,55.4,21.6,15.3,10.1,12.9,21.9,163.4,13.9
100,2012,Male,30 - 34 years,14.2,62.4,27.5,18.1,11.5,15.8,26.8,193.3,16.9
101,2012,Male,35 - 39 years,14.4,51.5,28.4,18.0,11.4,15.9,26.3,182.3,16.4
102,2012,Male,40 - 44 years,14.1,44.1,26.6,17.1,10.9,15.1,24.4,168.0,15.6
103,2012,Male,45 - 49 years,13.2,38.6,23.4,15.9,9.6,14.2,23.1,153.0,15.0
104,2012,Male,5 - 9 years,14.9,40.9,27.4,16.7,11.5,15.5,23.6,166.4,15.8
105,2012,Male,50 - 54 years,12.1,35.3,19.7,14.9,8.7,12.8,20.9,138.3,13.9
106,2012,Male,55 - 59 years,11.4,30.5,17.1,13.6,7.8,11.6,18.8,123.8,13.1
107,2012,Male,60 - 64 years,10.4,27.0,14.6,12.4,6.7,10.3,16.9,110.1,11.7
108,2012,Male,65 - 69 years,8.9,21.6,12.0,10.2,5.5,8.7,14.0,90.6,9.7
109,2012,Male,70 - 74 years,6.2,16.1,7.8,7.3,3.8,6.5,10.0,64.6,7.0
110,2012,Male,75 - 79 years,4.7,12.1,5.2,5.4,3.1,4.6,7.4,47.8,5.3
111,2012,Male,80 - 84 years,3.1,7.4,3.1,3.4,1.8,2.9,4.6,29.6,3.5
112,2012,Male,85 years and over,2.1,4.6,2.0,2.1,1.2,1.8,2.8,19.0,2.3
113,2012,Male,All ages,197.7,612.2,330.2,235.8,143.4,204.9,331.9,2275.0,219.0
114,2013,Both sexes,0 - 4 years,30.2,92.7,57.8,34.4,23.9,31.4,50.1,353.0,32.6
115,2013,Both sexes,10 - 14 years,28.0,73.9,49.5,31.9,21.3,29.4,44.1,307.9,29.8
116,2013,Both sexes,15 - 19 years,26.3,70.0,42.3,30.5,18.9,26.6,42.2,284.4,27.6
117,2013,Both sexes,20 - 24 years,21.0,86.3,36.7,27.8,16.4,23.0,41.7,278.9,26.0
118,2013,Both sexes,25 - 29 years,24.1,113.1,40.4,29.5,18.9,25.7,43.4,321.8,26.8
119,2013,Both sexes,30 - 34 years,28.9,128.3,55.0,36.0,23.1,31.5,54.4,391.4,34.1
120,2013,Both sexes,35 - 39 years,29.0,106.3,56.4,35.5,22.4,31.5,52.8,366.8,33.1
121,2013,Both sexes,40 - 44 years,28.1,91.4,53.7,34.4,21.6,30.7,49.4,341.0,31.7
122,2013,Both sexes,45 - 49 years,26.5,79.4,47.2,32.3,19.6,28.8,46.0,310.1,30.2
123,2013,Both sexes,5 - 9 years,29.5,82.0,55.1,33.8,23.0,30.7,47.3,333.0,31.7
124,2013,Both sexes,50 - 54 years,24.4,73.7,40.4,29.8,17.4,26.5,42.6,282.8,28.1
125,2013,Both sexes,55 - 59 years,22.3,63.9,34.6,27.2,15.5,23.3,37.9,251.1,26.4
126,2013,Both sexes,60 - 64 years,20.5,56.7,29.5,24.9,13.5,20.7,34.0,223.2,23.4
127,2013,Both sexes,65 - 69 years,17.8,47.5,24.9,21.3,11.4,18.2,29.4,190.0,19.6
128,2013,Both sexes,70 - 74 years,12.9,36.3,16.9,15.3,8.1,13.5,21.4,138.7,14.3
129,2013,Both sexes,75 - 79 years,9.9,28.6,11.8,11.7,6.5,10.1,16.6,106.4,11.1
130,2013,Both sexes,80 - 84 years,7.2,19.9,7.6,8.1,4.3,6.8,11.6,73.4,8.0
131,2013,Both sexes,85 years and over,6.5,15.8,6.7,6.5,3.5,5.5,9.1,60.7,7.2
132,2013,Both sexes,All ages,393.1,1265.9,666.4,470.7,289.3,413.7,673.8,4614.7,441.7
133,2013,Female,0 - 4 years,14.7,45.8,28.5,16.8,11.6,15.3,24.5,173.1,15.9
134,2013,Female,10 - 14 years,13.7,36.5,23.9,15.9,10.4,14.4,21.4,150.8,14.7
135,2013,Female,15 - 19 years,12.8,33.8,20.7,14.8,9.4,13.0,20.5,138.5,13.4
136,2013,Female,20 - 24 years,10.8,43.1,18.8,13.5,8.5,11.4,20.0,138.8,12.6
137,2013,Female,25 - 29 years,11.8,60.0,20.9,14.8,9.8,13.3,22.7,167.1,13.8
138,2013,Female,30 - 34 years,14.7,66.0,28.5,18.1,11.8,16.0,27.9,200.6,17.7
139,2013,Female,35 - 39 years,14.4,53.8,28.6,17.5,11.2,15.8,26.2,184.2,16.8
140,2013,Female,40 - 44 years,13.8,46.0,26.8,17.0,10.7,15.2,24.7,170.1,16.0
141,2013,Female,45 - 49 years,13.3,40.6,23.6,16.1,9.7,14.5,22.9,155.7,14.9
142,2013,Female,5 - 9 years,14.2,39.9,26.8,16.6,11.2,14.9,23.2,162.3,15.5
143,2013,Female,50 - 54 years,12.2,37.9,20.2,14.8,8.5,13.3,21.2,142.2,14.0
144,2013,Female,55 - 59 years,11.1,33.2,17.4,13.5,7.6,11.5,18.8,126.0,13.1
145,2013,Female,60 - 64 years,10.0,29.4,14.8,12.2,6.5,10.3,16.8,111.7,11.5
146,2013,Female,65 - 69 years,8.6,24.8,12.4,10.6,5.7,9.0,14.6,95.1,9.4
147,2013,Female,70 - 74 years,6.3,19.6,8.6,7.8,4.1,6.7,11.1,71.3,7.1
148,2013,Female,75 - 79 years,5.2,16.2,6.3,6.1,3.4,5.3,8.9,57.2,5.7
149,2013,Female,80 - 84 years,4.0,12.2,4.4,4.5,2.5,3.8,6.8,42.5,4.5
150,2013,Female,85 years and over,4.3,11.0,4.6,4.4,2.3,3.7,6.3,41.4,4.8
151,2013,Female,All ages,195.7,649.7,335.8,235.2,144.8,207.4,338.7,2328.5,221.2
152,2013,Male,0 - 4 years,15.5,46.9,29.3,17.6,12.3,16.1,25.6,180.0,16.7
153,2013,Male,10 - 14 years,14.3,37.4,25.6,16.0,10.9,15.0,22.8,157.1,15.1
154,2013,Male,15 - 19 years,13.6,36.2,21.5,15.7,9.5,13.6,21.6,145.9,14.2
155,2013,Male,20 - 24 years,10.2,43.1,17.9,14.3,7.8,11.6,21.7,140.1,13.4
156,2013,Male,25 - 29 years,12.4,53.1,19.5,14.7,9.0,12.4,20.6,154.7,12.9
157,2013,Male,30 - 34 years,14.3,62.3,26.5,17.9,11.4,15.5,26.4,190.7,16.5
158,2013,Male,35 - 39 years,14.6,52.6,27.8,17.9,11.2,15.8,26.5,182.7,16.3
159,2013,Male,40 - 44 years,14.3,45.4,27.0,17.4,10.9,15.5,24.7,170.9,15.7
160,2013,Male,45 - 49 years,13.3,38.8,23.6,16.2,9.9,14.3,23.1,154.4,15.3
161,2013,Male,5 - 9 years,15.2,42.1,28.3,17.1,11.9,15.8,24.1,170.7,16.2
162,2013,Male,50 - 54 years,12.1,35.9,20.1,14.9,8.9,13.2,21.4,140.6,14.0
163,2013,Male,55 - 59 years,11.3,30.8,17.3,13.7,7.9,11.8,19.1,125.1,13.3
164,2013,Male,60 - 64 years,10.5,27.3,14.7,12.6,7.0,10.4,17.2,111.5,11.9
165,2013,Male,65 - 69 years,9.2,22.7,12.5,10.7,5.7,9.1,14.7,94.9,10.3
166,2013,Male,70 - 74 years,6.6,16.7,8.3,7.6,4.0,6.7,10.3,67.4,7.3
167,2013,Male,75 - 79 years,4.7,12.3,5.5,5.6,3.1,4.8,7.7,49.2,5.4
168,2013,Male,80 - 84 years,3.2,7.8,3.2,3.5,1.9,3.0,4.8,30.8,3.5
169,2013,Male,85 years and over,2.2,4.9,2.1,2.1,1.2,1.8,2.8,19.3,2.3
170,2013,Male,All ages,197.4,616.2,330.6,235.5,144.4,206.3,335.1,2286.1,220.5
171,2014,Both sexes,0 - 4 years,29.3,91.6,56.6,33.3,23.3,30.3,49.0,345.4,31.9
172,2014,Both sexes,10 - 14 years,28.1,74.0,50.5,32.0,21.5,29.6,44.3,310.1,29.9
173,2014,Both sexes,15 - 19 years,26.6,72.7,43.1,31.1,19.2,26.7,43.2,290.6,28.0
174,2014,Both sexes,20 - 24 years,20.4,88.4,34.9,28.1,16.3,21.7,41.3,276.6,25.7
175,2014,Both sexes,25 - 29 years,22.1,110.4,38.3,27.3,17.5,24.4,41.4,305.9,24.4
176,2014,Both sexes,30 - 34 years,28.0,127.2,53.2,34.9,22.4,30.5,53.4,382.5,32.9
177,2014,Both sexes,35 - 39 years,28.8,110.5,56.4,35.3,22.2,31.7,53.9,371.6,32.8
178,2014,Both sexes,40 - 44 years,28.0,94.9,54.9,34.7,21.5,30.9,50.5,347.4,32.0
179,2014,Both sexes,45 - 49 years,26.7,80.2,48.3,32.3,19.9,28.9,46.2,312.6,30.1
180,2014,Both sexes,5 - 9 years,29.9,85.4,56.8,34.7,23.4,31.2,48.7,342.1,32.1
181,2014,Both sexes,50 - 54 years,24.9,75.4,41.9,30.2,17.9,27.0,43.5,289.2,28.4
182,2014,Both sexes,55 - 59 years,22.6,65.2,35.3,27.6,15.8,23.7,38.7,255.7,26.8
183,2014,Both sexes,60 - 64 years,20.8,57.5,30.1,25.0,13.8,21.1,34.4,226.4,23.8
184,2014,Both sexes,65 - 69 years,18.4,49.2,25.9,22.2,11.9,18.6,30.5,197.2,20.5
185,2014,Both sexes,70 - 74 years,13.4,37.2,18.1,16.0,8.5,14.1,22.3,144.4,14.9
186,2014,Both sexes,75 - 79 years,10.2,29.3,12.3,12.1,6.6,10.4,16.8,109.1,11.3
187,2014,Both sexes,80 - 84 years,7.4,20.7,7.9,8.4,4.5,7.0,11.9,76.1,8.3
188,2014,Both sexes,85 years and over,6.5,16.6,6.9,6.6,3.6,5.6,9.4,62.7,7.4
189,2014,Both sexes,All ages,392.0,1286.4,671.4,471.8,289.8,413.5,679.5,4645.4,441.1
190,2014,Female,0 - 4 years,14.3,45.1,28.1,16.3,11.4,14.7,23.8,169.3,15.5
191,2014,Female,10 - 14 years,13.8,36.2,24.6,15.9,10.6,14.5,21.4,151.6,14.7
192,2014,Female,15 - 19 years,13.0,35.1,21.0,15.2,9.6,13.0,21.0,141.4,13.6
193,2014,Female,20 - 24 years,10.6,43.8,17.7,13.7,8.4,10.7,19.8,137.3,12.6
194,2014,Female,25 - 29 years,11.0,57.8,20.1,14.0,9.2,12.7,21.8,158.7,12.1
195,2014,Female,30 - 34 years,14.3,65.7,27.7,17.8,11.6,15.7,27.6,197.6,17.1
196,2014,Female,35 - 39 years,14.4,55.9,29.0,17.7,11.2,16.1,27.1,187.8,16.5
197,2014,Female,40 - 44 years,13.9,47.9,27.6,17.5,10.8,15.5,25.2,174.4,16.1
198,2014,Female,45 - 49 years,13.2,41.0,24.1,16.1,9.8,14.4,23.0,156.5,14.9
199,2014,Female,5 - 9 years,14.4,41.7,27.8,17.0,11.4,15.1,24.0,167.0,15.7
200,2014,Female,50 - 54 years,12.5,38.8,21.1,15.1,8.8,13.6,21.7,145.8,14.2
201,2014,Female,55 - 59 years,11.3,33.9,17.7,13.7,7.7,11.7,19.3,128.5,13.3
202,2014,Female,60 - 64 years,10.2,29.8,15.1,12.3,6.7,10.4,17.2,113.4,11.8
203,2014,Female,65 - 69 years,8.9,25.7,12.9,11.1,5.9,9.3,15.1,98.7,9.8
204,2014,Female,70 - 74 years,6.5,20.0,9.1,8.1,4.3,7.0,11.5,74.0,7.4
205,2014,Female,75 - 79 years,5.3,16.6,6.5,6.3,3.4,5.5,8.9,58.4,5.8
206,2014,Female,80 - 84 years,4.0,12.5,4.5,4.7,2.5,3.9,6.9,43.5,4.5
207,2014,Female,85 years and over,4.3,11.4,4.7,4.5,2.4,3.7,6.5,42.4,5.0
208,2014,Female,All ages,196.1,658.7,339.1,236.9,145.6,207.6,341.6,2346.4,220.7
209,2014,Male,0 - 4 years,15.0,46.5,28.6,16.9,11.9,15.6,25.2,176.0,16.4
210,2014,Male,10 - 14 years,14.3,37.9,26.0,16.1,10.9,15.1,22.9,158.4,15.3
211,2014,Male,15 - 19 years,13.6,37.6,22.1,15.9,9.7,13.7,22.2,149.1,14.4
212,2014,Male,20 - 24 years,9.8,44.6,17.2,14.3,7.9,11.0,21.5,139.4,13.1
213,2014,Male,25 - 29 years,11.1,52.6,18.2,13.3,8.4,11.7,19.6,147.2,12.2
214,2014,Male,30 - 34 years,13.7,61.5,25.4,17.0,10.8,14.9,25.8,184.9,15.7
215,2014,Male,35 - 39 years,14.4,54.6,27.5,17.6,11.0,15.6,26.8,183.8,16.3
216,2014,Male,40 - 44 years,14.0,47.0,27.3,17.3,10.7,15.4,25.3,172.9,15.9
217,2014,Male,45 - 49 years,13.4,39.2,24.2,16.2,10.1,14.5,23.2,156.1,15.2
218,2014,Male,5 - 9 years,15.4,43.7,29.0,17.7,12.0,16.0,24.7,175.1,16.4
219,2014,Male,50 - 54 years,12.4,36.6,20.8,15.1,9.1,13.4,21.8,143.4,14.2
220,2014,Male,55 - 59 years,11.3,31.3,17.6,13.9,8.1,12.0,19.4,127.2,13.5
221,2014,Male,60 - 64 years,10.6,27.7,15.0,12.7,7.0,10.6,17.3,112.9,12.0
222,2014,Male,65 - 69 years,9.5,23.5,13.0,11.1,6.0,9.3,15.4,98.5,10.7
223,2014,Male,70 - 74 years,6.9,17.2,9.0,7.9,4.2,7.0,10.8,70.4,7.5
224,2014,Male,75 - 79 years,4.9,12.7,5.8,5.8,3.1,4.9,7.9,50.7,5.6
225,2014,Male,80 - 84 years,3.3,8.2,3.4,3.7,2.0,3.1,5.1,32.6,3.7
226,2014,Male,85 years and over,2.2,5.2,2.2,2.1,1.2,1.9,3.0,20.3,2.4
227,2014,Male,All ages,195.9,627.7,332.2,234.8,144.3,205.9,337.8,2299.0,220.4
228,2015,Both sexes,0 - 4 years,28.5,92.0,55.0,32.3,22.5,29.8,46.7,337.9,31.1
229,2015,Both sexes,10 - 14 years,28.3,76.5,51.6,32.1,21.7,29.9,44.2,314.4,30.2
230,2015,Both sexes,15 - 19 years,26.9,74.9,44.3,31.6,19.4,27.5,43.1,296.1,28.3
231,2015,Both sexes,20 - 24 years,20.4,90.8,35.3,27.7,15.5,21.5,39.5,275.5,24.8
232,2015,Both sexes,25 - 29 years,20.5,110.4,37.6,26.3,17.0,23.1,39.8,298.7,23.9
233,2015,Both sexes,30 - 34 years,26.7,124.6,50.9,33.3,21.9,29.0,51.2,369.2,31.5
234,2015,Both sexes,35 - 39 years,28.7,115.7,57.2,35.6,22.8,31.9,54.3,379.8,33.5
235,2015,Both sexes,40 - 44 years,27.8,97.8,56.1,35.0,21.7,31.0,51.0,353.0,32.5
236,2015,Both sexes,45 - 49 years,26.9,82.4,49.0,32.6,20.2,29.1,46.8,317.0,30.1
237,2015,Both sexes,5 - 9 years,30.5,88.8,57.9,35.1,23.7,31.7,49.3,349.3,32.3
238,2015,Both sexes,50 - 54 years,25.3,77.0,43.4,30.8,18.3,27.6,44.4,295.2,28.5
239,2015,Both sexes,55 - 59 years,23.0,67.2,35.9,27.9,16.1,24.2,39.4,260.6,26.8
240,2015,Both sexes,60 - 64 years,21.1,58.5,30.9,25.4,14.0,21.5,35.2,230.8,24.3
241,2015,Both sexes,65 - 69 years,18.9,50.9,26.7,22.9,12.3,19.3,31.2,203.6,21.3
242,2015,Both sexes,70 - 74 years,14.0,38.4,19.3,16.8,9.0,14.7,23.2,150.8,15.5
243,2015,Both sexes,75 - 79 years,10.3,30.3,12.8,12.5,6.7,10.7,17.4,112.2,11.6
244,2015,Both sexes,80 - 84 years,7.5,21.6,8.3,8.6,4.7,7.3,12.3,78.8,8.5
245,2015,Both sexes,85 years and over,6.6,17.5,7.1,6.8,3.7,5.8,9.9,64.9,7.6
246,2015,Both sexes,All ages,391.9,1315.3,679.3,473.4,291.1,415.6,678.9,4687.8,442.2
247,2015,Female,0 - 4 years,13.9,45.2,27.0,16.0,11.0,14.4,22.9,165.6,15.1
248,2015,Female,10 - 14 years,13.7,37.3,25.0,15.9,10.7,14.6,21.5,153.6,14.8
249,2015,Female,15 - 19 years,13.1,36.4,21.5,15.4,9.6,13.4,21.2,144.1,13.7
250,2015,Female,20 - 24 years,10.2,45.3,17.6,13.4,7.5,10.3,19.5,135.6,11.8
251,2015,Female,25 - 29 years,10.5,57.3,19.8,13.7,8.9,12.2,20.7,155.0,11.9
252,2015,Female,30 - 34 years,13.9,64.2,26.9,17.3,11.5,15.2,26.9,192.2,16.4
253,2015,Female,35 - 39 years,14.7,58.3,29.5,18.0,11.5,16.4,27.6,192.9,16.9
254,2015,Female,40 - 44 years,14.0,49.3,28.4,17.8,10.9,15.7,25.5,178.0,16.4
255,2015,Female,45 - 49 years,13.4,42.0,24.5,16.1,9.8,14.5,23.4,158.6,15.0
256,2015,Female,5 - 9 years,14.8,43.3,28.4,17.1,11.6,15.4,24.3,170.8,15.9
257,2015,Female,50 - 54 years,12.7,39.7,21.8,15.4,9.0,13.9,22.3,149.1,14.4
258,2015,Female,55 - 59 years,11.5,35.0,18.0,13.8,7.9,12.0,19.7,131.3,13.4
259,2015,Female,60 - 64 years,10.4,30.4,15.6,12.5,6.8,10.5,17.6,115.9,12.0
260,2015,Female,65 - 69 years,9.2,26.7,13.4,11.5,6.1,9.6,15.5,102.3,10.3
261,2015,Female,70 - 74 years,6.8,20.7,9.7,8.5,4.5,7.4,11.9,77.2,7.7
262,2015,Female,75 - 79 years,5.4,16.9,6.7,6.5,3.5,5.6,9.2,59.7,5.9
263,2015,Female,80 - 84 years,4.1,12.9,4.7,4.8,2.5,4.0,7.0,44.7,4.7
264,2015,Female,85 years and over,4.3,11.9,4.8,4.6,2.4,3.8,6.7,43.5,5.0
265,2015,Female,All ages,196.5,672.8,343.2,238.3,145.8,209.0,343.3,2370.1,221.3
266,2015,Male,0 - 4 years,14.6,46.8,27.9,16.4,11.5,15.3,23.8,172.4,16.0
267,2015,Male,10 - 14 years,14.5,39.1,26.6,16.3,11.0,15.3,22.7,160.9,15.4
268,2015,Male,15 - 19 years,13.9,38.5,22.9,16.2,9.9,14.1,21.9,152.0,14.6
269,2015,Male,20 - 24 years,10.3,45.5,17.7,14.3,7.9,11.2,20.0,139.9,13.0
270,2015,Male,25 - 29 years,10.0,53.1,17.8,12.6,8.1,11.0,19.1,143.7,11.9
271,2015,Male,30 - 34 years,12.8,60.4,24.0,16.0,10.5,13.8,24.3,177.0,15.1
272,2015,Male,35 - 39 years,14.1,57.4,27.8,17.5,11.2,15.6,26.7,186.9,16.6
273,2015,Male,40 - 44 years,13.8,48.5,27.7,17.3,10.8,15.3,25.5,175.0,16.1
274,2015,Male,45 - 49 years,13.5,40.4,24.5,16.5,10.3,14.7,23.4,158.4,15.1
275,2015,Male,5 - 9 years,15.7,45.5,29.5,18.0,12.1,16.3,25.0,178.5,16.4
276,2015,Male,50 - 54 years,12.6,37.3,21.6,15.4,9.3,13.7,22.2,146.1,14.2
277,2015,Male,55 - 59 years,11.5,32.2,17.9,14.1,8.3,12.2,19.7,129.3,13.3
278,2015,Male,60 - 64 years,10.7,28.1,15.3,12.9,7.3,10.9,17.6,115.0,12.3
279,2015,Male,65 - 69 years,9.7,24.3,13.4,11.4,6.2,9.6,15.8,101.2,11.0
280,2015,Male,70 - 74 years,7.2,17.7,9.6,8.3,4.4,7.3,11.3,73.6,7.8
281,2015,Male,75 - 79 years,5.0,13.4,6.1,5.9,3.2,5.1,8.1,52.4,5.7
282,2015,Male,80 - 84 years,3.4,8.7,3.6,3.8,2.1,3.3,5.3,34.1,3.8
283,2015,Male,85 years and over,2.2,5.6,2.3,2.2,1.3,2.0,3.2,21.4,2.6
284,2015,Male,All ages,195.4,642.5,336.2,235.1,145.4,206.6,335.6,2317.7,220.9
285,2016,Both sexes,0 - 4 years,27.6,91.4,52.8,31.9,21.8,29.0,46.5,331.4,30.5
286,2016,Both sexes,10 - 14 years,28.3,77.9,52.4,32.3,21.9,30.2,45.1,318.9,30.7
287,2016,Both sexes,15 - 19 years,26.9,76.5,46.3,31.7,19.7,28.1,43.6,301.2,28.6
288,2016,Both sexes,20 - 24 years,19.8,89.2,36.7,26.5,15.6,22.1,38.9,273.5,24.7
289,2016,Both sexes,25 - 29 years,20.1,111.8,37.1,25.4,16.4,22.6,39.1,296.7,24.1
290,2016,Both sexes,30 - 34 years,25.6,123.5,49.9,31.9,21.3,27.9,49.6,360.3,30.7
291,2016,Both sexes,35 - 39 years,29.1,120.2,58.1,35.8,23.3,32.5,54.7,388.1,34.4
292,2016,Both sexes,40 - 44 years,28.1,99.6,56.9,34.9,21.6,31.4,51.3,356.5,32.9
293,2016,Both sexes,45 - 49 years,27.2,85.7,50.6,32.9,20.4,29.7,47.6,324.9,30.9
294,2016,Both sexes,5 - 9 years,30.8,90.6,59.1,34.9,24.2,32.4,50.5,355.3,32.7
295,2016,Both sexes,50 - 54 years,25.5,77.3,44.6,30.9,18.6,28.0,44.8,298.4,28.8
296,2016,Both sexes,55 - 59 years,23.6,69.6,37.2,28.5,16.7,25.0,40.3,268.2,27.2
297,2016,Both sexes,60 - 64 years,21.5,59.8,31.9,25.8,14.6,22.2,35.8,236.5,24.8
298,2016,Both sexes,65 - 69 years,19.4,51.9,27.5,23.2,12.5,19.7,32.0,208.0,21.7
299,2016,Both sexes,70 - 74 years,14.9,40.3,20.6,17.8,9.5,15.6,24.7,159.9,16.6
300,2016,Both sexes,75 - 79 years,10.6,30.7,13.3,12.5,6.6,11.0,17.6,114.2,11.8
301,2016,Both sexes,80 - 84 years,7.6,21.8,8.7,8.7,4.8,7.5,12.6,80.5,8.7
302,2016,Both sexes,85 years and over,6.8,18.2,7.3,7.1,3.9,6.1,10.2,67.3,7.8
303,2016,Both sexes,All ages,393.3,1335.9,690.9,472.5,293.4,421.2,685.0,4739.6,447.5
304,2016,Female,0 - 4 years,13.4,44.6,25.9,15.6,10.7,14.0,22.8,161.7,14.8
305,2016,Female,10 - 14 years,13.7,38.1,25.5,15.9,10.7,14.8,22.1,155.7,15.0
306,2016,Female,15 - 19 years,13.0,37.4,22.4,15.5,9.7,13.6,21.4,146.9,14.0
307,2016,Female,20 - 24 years,9.7,44.6,18.0,12.9,7.6,11.0,19.3,135.1,12.0
308,2016,Female,25 - 29 years,10.3,57.5,19.3,12.6,8.4,11.6,19.8,151.5,12.1
309,2016,Female,30 - 34 years,13.4,63.7,26.5,16.5,11.1,14.7,25.9,187.8,16.0
310,2016,Female,35 - 39 years,14.9,60.7,30.0,18.1,11.8,16.7,27.9,197.5,17.5
311,2016,Female,40 - 44 years,14.1,50.1,28.8,17.5,10.8,15.8,25.5,179.3,16.6
312,2016,Female,45 - 49 years,13.5,43.5,25.2,16.3,10.0,14.8,23.6,162.4,15.4
313,2016,Female,5 - 9 years,15.0,44.4,29.0,17.0,11.8,15.8,24.8,173.9,16.1
314,2016,Female,50 - 54 years,12.8,40.0,22.3,15.5,9.2,14.2,22.4,150.8,14.4
315,2016,Female,55 - 59 years,11.9,36.1,18.7,14.1,8.2,12.5,20.1,135.1,13.7
316,2016,Female,60 - 64 years,10.6,31.2,16.0,12.7,7.1,11.0,17.9,118.7,12.2
317,2016,Female,65 - 69 years,9.5,27.1,13.8,11.6,6.2,9.7,16.0,104.5,10.6
318,2016,Female,70 - 74 years,7.2,21.5,10.3,9.0,4.8,7.9,12.6,81.6,8.2
319,2016,Female,75 - 79 years,5.4,17.1,7.0,6.6,3.5,5.7,9.3,60.7,6.0
320,2016,Female,80 - 84 years,4.2,12.9,4.9,4.8,2.6,4.2,7.2,45.5,4.8
321,2016,Female,85 years and over,4.4,12.3,4.8,4.7,2.4,3.9,6.8,44.4,5.1
322,2016,Female,All ages,196.9,682.9,348.4,236.9,146.6,211.9,345.3,2393.1,224.3
323,2016,Male,0 - 4 years,14.2,46.8,26.9,16.3,11.1,15.0,23.7,169.7,15.7
324,2016,Male,10 - 14 years,14.6,39.8,26.9,16.5,11.2,15.5,23.0,163.1,15.7
325,2016,Male,15 - 19 years,13.9,39.1,23.9,16.2,10.0,14.5,22.2,154.4,14.7
326,2016,Male,20 - 24 years,10.1,44.6,18.7,13.6,8.0,11.1,19.6,138.4,12.7
327,2016,Male,25 - 29 years,9.8,54.3,17.8,12.7,8.1,11.0,19.3,145.2,12.1
328,2016,Male,30 - 34 years,12.2,59.8,23.4,15.4,10.2,13.2,23.7,172.5,14.7
329,2016,Male,35 - 39 years,14.2,59.5,28.1,17.7,11.5,15.8,26.8,190.6,17.0
330,2016,Male,40 - 44 years,13.9,49.4,28.0,17.4,10.8,15.6,25.7,177.2,16.2
331,2016,Male,45 - 49 years,13.6,42.1,25.3,16.6,10.4,14.9,24.0,162.5,15.5
332,2016,Male,5 - 9 years,15.8,46.2,30.1,17.9,12.4,16.6,25.7,181.4,16.7
333,2016,Male,50 - 54 years,12.7,37.3,22.3,15.4,9.4,13.8,22.5,147.7,14.3
334,2016,Male,55 - 59 years,11.8,33.5,18.6,14.5,8.5,12.5,20.2,133.1,13.5
335,2016,Male,60 - 64 years,10.9,28.5,15.9,13.1,7.5,11.2,18.0,117.7,12.6
336,2016,Male,65 - 69 years,9.9,24.7,13.7,11.6,6.3,10.0,16.1,103.4,11.1
337,2016,Male,70 - 74 years,7.7,18.8,10.2,8.7,4.7,7.6,12.1,78.4,8.4
338,2016,Male,75 - 79 years,5.1,13.6,6.3,5.9,3.2,5.3,8.2,53.5,5.8
339,2016,Male,80 - 84 years,3.5,8.9,3.8,3.9,2.2,3.3,5.4,34.9,3.9
340,2016,Male,85 years and over,2.4,5.9,2.5,2.4,1.4,2.2,3.4,23.0,2.7
341,2016,Male,All ages,196.4,653.0,342.5,235.6,146.8,209.3,339.7,2346.5,223.2
342,2017,Both sexes,0 - 4 years,26.2,89.8,52.9,30.3,23.1,27.5,45.2,325.0,30.0
343,2017,Both sexes,10 - 14 years,29.4,79.0,53.9,33.0,22.0,30.8,45.7,324.7,30.9
344,2017,Both sexes,15 - 19 years,27.6,78.3,48.4,32.1,20.6,28.7,44.5,309.6,29.3
345,2017,Both sexes,20 - 24 years,20.5,87.4,37.7,27.5,16.2,22.6,40.3,277.4,25.2
346,2017,Both sexes,25 - 29 years,20.0,110.2,36.6,25.4,16.6,22.4,38.8,294.0,23.9
347,2017,Both sexes,30 - 34 years,25.0,119.4,48.4,31.2,20.9,27.2,47.8,349.2,29.3
348,2017,Both sexes,35 - 39 years,29.6,123.5,59.2,36.3,24.2,32.7,55.8,396.1,34.8
349,2017,Both sexes,40 - 44 years,28.6,102.1,57.7,35.6,22.3,31.9,52.3,364.0,33.5
350,2017,Both sexes,45 - 49 years,27.8,89.1,52.6,33.6,21.0,30.2,48.8,334.6,31.5
351,2017,Both sexes,5 - 9 years,31.6,92.8,60.1,35.4,24.0,32.7,50.7,360.7,33.3
352,2017,Both sexes,50 - 54 years,26.1,78.4,45.8,31.5,18.9,28.6,45.7,304.5,29.5
353,2017,Both sexes,55 - 59 years,24.0,71.7,38.6,29.1,17.1,25.8,41.3,275.2,27.7
354,2017,Both sexes,60 - 64 years,22.2,61.3,33.2,26.5,15.0,22.9,36.8,243.5,25.5
355,2017,Both sexes,65 - 69 years,19.8,53.3,28.2,23.9,12.7,20.2,32.5,212.7,22.1
356,2017,Both sexes,70 - 74 years,15.9,42.6,22.1,19.0,10.0,16.5,26.3,170.1,17.6
357,2017,Both sexes,75 - 79 years,10.9,31.2,14.0,13.0,6.4,11.5,18.1,117.3,12.3
358,2017,Both sexes,80 - 84 years,7.9,22.5,9.2,9.2,4.8,7.9,12.9,83.2,8.9
359,2017,Both sexes,85 years and over,7.0,18.8,7.4,7.6,3.3,6.4,10.5,69.1,8.1
360,2017,Both sexes,All ages,400.3,1351.5,705.9,480.2,299.3,426.5,694.1,4810.9,453.1
361,2017,Female,0 - 4 years,12.7,44.2,25.9,14.9,11.2,13.3,22.1,158.8,14.7
362,2017,Female,10 - 14 years,14.3,38.7,26.3,16.2,10.5,15.1,22.2,158.4,15.1
363,2017,Female,15 - 19 years,13.5,38.6,23.3,15.8,10.1,14.0,21.9,151.5,14.3
364,2017,Female,20 - 24 years,10.1,43.3,18.4,13.3,7.9,11.2,20.2,136.5,12.1
365,2017,Female,25 - 29 years,10.2,56.3,18.8,12.6,8.3,11.4,19.4,148.7,11.9
366,2017,Female,30 - 34 years,13.1,61.7,25.7,16.2,10.7,14.4,24.9,182.1,15.3
367,2017,Female,35 - 39 years,15.4,62.9,30.7,18.6,12.2,16.8,28.5,203.0,17.8
368,2017,Female,40 - 44 years,14.5,51.8,29.4,17.9,11.0,16.1,26.1,183.8,17.0
369,2017,Female,45 - 49 years,13.9,45.2,26.3,16.7,10.3,15.1,24.3,167.6,15.7
370,2017,Female,5 - 9 years,15.4,45.5,29.6,17.2,11.7,15.9,25.1,176.7,16.3
371,2017,Female,50 - 54 years,13.1,40.5,22.9,15.8,9.5,14.5,22.8,153.9,14.8
372,2017,Female,55 - 59 years,12.1,37.2,19.3,14.5,8.4,12.9,20.7,138.9,13.9
373,2017,Female,60 - 64 years,11.0,32.1,16.7,13.1,7.3,11.3,18.4,122.5,12.6
374,2017,Female,65 - 69 years,9.8,27.9,14.3,11.9,6.3,10.0,16.1,107.1,10.9
375,2017,Female,70 - 74 years,7.8,22.7,11.1,9.6,5.1,8.4,13.4,86.7,8.7
376,2017,Female,75 - 79 years,5.5,17.3,7.3,6.8,3.4,5.9,9.6,62.0,6.3
377,2017,Female,80 - 84 years,4.3,13.3,5.1,5.0,2.6,4.3,7.3,46.8,4.8
378,2017,Female,85 years and over,4.4,12.7,4.8,4.9,2.0,4.1,6.8,45.0,5.2
379,2017,Female,All ages,200.9,691.9,355.9,241.0,148.6,214.7,349.8,2430.1,227.4
380,2017,Male,0 - 4 years,13.5,45.6,27.0,15.5,11.9,14.2,23.2,166.2,15.3
381,2017,Male,10 - 14 years,15.2,40.3,27.5,16.9,11.4,15.8,23.5,166.2,15.8
382,2017,Male,15 - 19 years,14.1,39.8,25.1,16.3,10.5,14.7,22.5,158.1,15.0
383,2017,Male,20 - 24 years,10.4,44.0,19.3,14.2,8.3,11.4,20.2,140.9,13.1
384,2017,Male,25 - 29 years,9.8,54.0,17.9,12.8,8.3,11.0,19.4,145.2,12.0
385,2017,Male,30 - 34 years,11.9,57.7,22.7,14.9,10.2,12.8,22.9,167.1,14.1
386,2017,Male,35 - 39 years,14.3,60.7,28.5,17.7,11.9,15.9,27.2,193.2,16.9
387,2017,Male,40 - 44 years,14.2,50.3,28.4,17.7,11.3,15.8,26.2,180.2,16.4
388,2017,Male,45 - 49 years,13.9,43.9,26.3,16.9,10.6,15.1,24.5,167.0,15.7
389,2017,Male,5 - 9 years,16.2,47.4,30.5,18.2,12.3,16.8,25.7,184.0,17.0
390,2017,Male,50 - 54 years,12.9,37.9,22.9,15.7,9.5,14.1,22.9,150.6,14.7
391,2017,Male,55 - 59 years,11.9,34.5,19.3,14.7,8.7,12.8,20.7,136.3,13.8
392,2017,Male,60 - 64 years,11.2,29.2,16.5,13.4,7.7,11.6,18.4,121.0,12.9
393,2017,Male,65 - 69 years,10.1,25.3,13.9,12.0,6.5,10.2,16.3,105.5,11.2
394,2017,Male,70 - 74 years,8.2,19.9,11.0,9.4,5.0,8.1,12.9,83.3,8.9
395,2017,Male,75 - 79 years,5.4,13.9,6.7,6.2,3.1,5.5,8.5,55.3,6.0
396,2017,Male,80 - 84 years,3.6,9.2,4.1,4.1,2.1,3.6,5.7,36.4,4.1
397,2017,Male,85 years and over,2.6,6.2,2.5,2.7,1.3,2.3,3.7,24.2,2.9
398,2017,Male,All ages,199.4,659.6,350.0,239.2,150.7,211.8,344.3,2380.8,225.7
399,2018,Both sexes,0 - 4 years,24.6,89.3,52.8,29.0,24.7,26.1,44.3,320.0,29.3
400,2018,Both sexes,10 - 14 years,30.7,82.0,55.8,33.8,22.4,31.5,46.9,334.8,31.6
401,2018,Both sexes,15 - 19 years,28.2,81.3,50.2,32.5,21.1,29.2,45.2,318.1,30.4
402,2018,Both sexes,20 - 24 years,22.1,89.8,40.3,29.1,17.3,24.0,42.2,291.2,26.3
403,2018,Both sexes,25 - 29 years,20.0,108.4,36.7,26.1,16.3,22.5,39.3,293.4,24.1
404,2018,Both sexes,30 - 34 years,24.0,116.7,46.3,30.4,20.3,26.3,45.8,337.7,28.0
405,2018,Both sexes,35 - 39 years,29.8,126.0,59.4,37.4,24.5,32.6,56.1,400.6,34.9
406,2018,Both sexes,40 - 44 years,29.1,105.3,58.2,36.5,22.9,32.0,53.4,371.0,33.7
407,2018,Both sexes,45 - 49 years,28.1,92.2,54.4,34.4,21.3,31.1,49.8,343.5,32.2
408,2018,Both sexes,5 - 9 years,31.7,93.3,59.9,35.2,23.4,32.5,50.4,359.6,33.1
409,2018,Both sexes,50 - 54 years,26.6,79.2,47.0,31.9,19.5,28.7,45.9,308.6,29.8
410,2018,Both sexes,55 - 59 years,24.5,73.3,40.0,29.6,17.5,26.6,42.3,281.6,27.8
411,2018,Both sexes,60 - 64 years,22.4,62.5,34.2,27.0,15.4,23.3,37.6,248.3,26.1
412,2018,Both sexes,65 - 69 years,20.3,54.5,28.9,24.3,13.2,20.6,33.2,217.8,22.8
413,2018,Both sexes,70 - 74 years,16.7,44.4,23.3,20.2,10.6,17.3,27.8,178.8,18.5
414,2018,Both sexes,75 - 79 years,11.5,32.3,14.8,13.7,6.7,12.0,18.7,122.6,12.8
415,2018,Both sexes,80 - 84 years,8.1,23.1,9.5,9.5,4.6,8.3,13.3,85.5,9.1
416,2018,Both sexes,85 years and over,7.4,19.5,7.6,8.2,3.1,6.9,10.8,71.8,8.3
417,2018,Both sexes,All ages,405.7,1373.1,719.3,489.0,304.7,431.5,702.9,4884.9,458.7
418,2018,Female,0 - 4 years,12.0,43.8,25.7,14.1,12.0,12.6,21.6,156.1,14.3
419,2018,Female,10 - 14 years,14.8,40.2,27.2,16.5,10.7,15.3,23.0,163.2,15.5
420,2018,Female,15 - 19 years,13.9,40.1,24.1,16.2,10.3,14.3,22.2,156.0,15.0
421,2018,Female,20 - 24 years,10.8,44.3,19.7,14.1,8.4,11.8,21.1,142.9,12.6
422,2018,Female,25 - 29 years,10.1,54.7,18.5,12.7,8.1,11.4,19.4,146.8,11.8
423,2018,Female,30 - 34 years,12.7,60.1,24.5,15.6,10.4,13.8,23.8,175.5,14.7
424,2018,Female,35 - 39 years,15.5,64.8,31.0,19.2,12.4,16.9,28.8,206.7,18.0
425,2018,Female,40 - 44 years,14.8,53.6,29.8,18.2,11.3,16.2,26.8,187.9,17.2
426,2018,Female,45 - 49 years,14.1,46.6,27.2,17.1,10.5,15.5,24.8,172.0,16.2
427,2018,Female,5 - 9 years,15.4,45.6,29.4,17.2,11.4,15.8,24.8,175.8,16.2
428,2018,Female,50 - 54 years,13.4,40.8,23.5,16.0,9.6,14.5,23.0,155.7,14.9
429,2018,Female,55 - 59 years,12.3,38.2,20.0,14.8,8.6,13.3,21.1,142.3,14.0
430,2018,Female,60 - 64 years,11.2,32.7,17.2,13.3,7.4,11.5,18.7,125.2,13.1
431,2018,Female,65 - 69 years,10.0,28.7,14.7,12.0,6.5,10.3,16.6,110.0,11.3
432,2018,Female,70 - 74 years,8.2,23.6,11.8,10.2,5.3,8.7,14.0,90.9,9.1
433,2018,Female,75 - 79 years,5.7,17.8,7.8,7.2,3.5,6.2,9.9,64.6,6.6
434,2018,Female,80 - 84 years,4.4,13.6,5.3,5.2,2.6,4.5,7.3,47.8,4.9
435,2018,Female,85 years and over,4.6,13.0,4.9,5.2,1.8,4.4,6.9,46.0,5.3
436,2018,Female,All ages,203.7,702.1,362.4,244.7,151.0,217.2,353.8,2465.4,230.5
437,2018,Male,0 - 4 years,12.6,45.4,27.1,14.9,12.7,13.5,22.7,163.9,15.0
438,2018,Male,10 - 14 years,15.9,41.8,28.5,17.4,11.7,16.3,24.0,171.6,16.1
439,2018,Male,15 - 19 years,14.3,41.3,26.1,16.4,10.8,14.8,23.0,162.1,15.4
440,2018,Male,20 - 24 years,11.3,45.5,20.6,15.0,8.9,12.2,21.0,148.3,13.7
441,2018,Male,25 - 29 years,9.9,53.7,18.1,13.4,8.2,11.1,19.8,146.6,12.3
442,2018,Male,30 - 34 years,11.3,56.6,21.8,14.8,9.9,12.5,22.0,162.2,13.3
443,2018,Male,35 - 39 years,14.2,61.2,28.4,18.2,12.0,15.7,27.3,193.9,16.9
444,2018,Male,40 - 44 years,14.3,51.7,28.4,18.3,11.5,15.7,26.7,183.2,16.4
445,2018,Male,45 - 49 years,14.1,45.6,27.2,17.3,10.8,15.6,25.0,171.5,16.0
446,2018,Male,5 - 9 years,16.3,47.7,30.4,18.1,12.0,16.7,25.6,183.9,17.0
447,2018,Male,50 - 54 years,13.2,38.4,23.5,15.8,9.9,14.1,23.0,153.0,15.0
448,2018,Male,55 - 59 years,12.2,35.2,20.0,14.8,8.9,13.2,21.2,139.2,13.8
449,2018,Male,60 - 64 years,11.2,29.8,16.9,13.7,7.9,11.8,18.8,123.2,13.0
450,2018,Male,65 - 69 years,10.3,25.8,14.2,12.3,6.7,10.3,16.6,107.8,11.5
451,2018,Male,70 - 74 years,8.5,20.8,11.5,10.0,5.3,8.6,13.8,87.8,9.4
452,2018,Male,75 - 79 years,5.8,14.5,7.1,6.6,3.2,5.8,8.8,57.9,6.2
453,2018,Male,80 - 84 years,3.7,9.5,4.2,4.3,2.1,3.7,6.0,37.7,4.2
454,2018,Male,85 years and over,2.8,6.6,2.7,3.0,1.3,2.6,3.9,25.8,3.0
455,2018,Male,All ages,202.0,671.0,356.9,244.3,153.8,214.3,349.0,2419.5,228.2
456,2019,Both sexes,0 - 4 years,24.2,87.8,51.6,28.8,24.1,25.7,44.0,315.0,28.9
457,2019,Both sexes,10 - 14 years,31.1,84.9,57.6,35.0,22.6,32.4,48.7,344.7,32.4
458,2019,Both sexes,15 - 19 years,28.0,84.2,51.5,32.0,21.3,29.5,45.0,322.1,30.6
459,2019,Both sexes,20 - 24 years,23.5,93.0,42.5,29.5,17.9,25.2,43.1,301.7,27.0
460,2019,Both sexes,25 - 29 years,20.0,105.4,36.7,26.1,16.3,23.1,39.5,291.5,24.4
461,2019,Both sexes,30 - 34 years,23.4,118.0,45.2,29.5,19.6,26.3,44.4,333.7,27.2
462,2019,Both sexes,35 - 39 years,29.7,126.5,58.9,37.0,24.5,32.8,55.4,399.6,34.8
463,2019,Both sexes,40 - 44 years,29.5,109.9,59.4,36.8,23.5,33.4,54.7,381.2,34.1
464,2019,Both sexes,45 - 49 years,28.7,96.5,56.4,35.5,21.8,31.6,50.9,354.4,33.0
465,2019,Both sexes,5 - 9 years,31.3,93.1,58.9,34.8,22.9,32.0,49.9,355.9,32.9
466,2019,Both sexes,50 - 54 years,26.9,80.9,48.1,32.2,19.8,29.2,46.1,313.4,30.3
467,2019,Both sexes,55 - 59 years,25.1,74.6,41.5,30.1,18.0,27.3,43.1,288.1,28.3
468,2019,Both sexes,60 - 64 years,22.9,65.0,35.2,27.6,15.9,24.0,38.5,255.9,26.8
469,2019,Both sexes,65 - 69 years,20.5,55.4,29.6,24.6,13.8,21.1,33.6,221.6,23.2
470,2019,Both sexes,70 - 74 years,17.5,46.2,24.6,21.0,11.4,18.0,29.0,187.1,19.4
471,2019,Both sexes,75 - 79 years,12.2,33.8,16.2,14.6,7.3,12.9,19.9,130.3,13.5
472,2019,Both sexes,80 - 84 years,8.3,23.8,10.0,9.8,4.9,8.6,13.5,88.2,9.3
473,2019,Both sexes,85 years and over,7.5,20.0,8.0,8.5,3.4,7.1,11.2,74.1,8.5
474,2019,Both sexes,All ages,409.9,1398.8,731.9,493.4,309.0,440.1,710.6,4958.5,464.8
475,2019,Female,0 - 4 years,11.7,43.1,25.2,14.1,11.6,12.4,21.4,153.7,14.1
476,2019,Female,10 - 14 years,15.1,41.5,28.1,17.0,10.7,15.7,23.8,167.7,15.8
477,2019,Female,15 - 19 years,13.8,42.2,24.8,15.9,10.3,14.6,21.9,158.7,15.3
478,2019,Female,20 - 24 years,11.6,45.9,20.5,14.3,8.8,12.5,21.4,148.1,13.2
479,2019,Female,25 - 29 years,10.0,52.7,18.5,12.7,8.0,11.4,19.6,145.0,12.0
480,2019,Female,30 - 34 years,12.4,60.6,23.5,15.0,10.0,13.4,23.0,172.2,14.3
481,2019,Female,35 - 39 years,15.6,65.4,30.5,18.9,12.5,16.7,28.6,206.6,18.3
482,2019,Female,40 - 44 years,15.2,56.4,30.5,18.4,11.6,16.7,27.7,194.1,17.6
483,2019,Female,45 - 49 years,14.5,48.6,28.3,17.7,10.8,15.8,25.4,177.8,16.7
484,2019,Female,5 - 9 years,15.1,45.3,28.8,16.9,11.1,15.5,24.5,173.3,16.1
485,2019,Female,50 - 54 years,13.4,41.4,24.0,16.1,9.7,14.7,23.0,157.4,15.1
486,2019,Female,55 - 59 years,12.6,38.8,20.9,15.1,8.8,13.8,21.5,146.0,14.3
487,2019,Female,60 - 64 years,11.5,34.1,17.8,13.6,7.6,11.9,19.2,129.1,13.5
488,2019,Female,65 - 69 years,10.1,29.1,15.0,12.1,6.8,10.5,16.8,112.1,11.6
489,2019,Female,70 - 74 years,8.6,24.7,12.5,10.7,5.8,9.1,14.7,95.8,9.6
490,2019,Female,75 - 79 years,6.1,18.5,8.5,7.5,3.8,6.7,10.4,68.4,6.9
491,2019,Female,80 - 84 years,4.4,13.9,5.5,5.3,2.7,4.7,7.5,49.1,5.0
492,2019,Female,85 years and over,4.6,13.2,5.1,5.3,2.0,4.4,7.0,46.9,5.3
493,2019,Female,All ages,206.6,715.4,368.0,246.7,152.6,220.5,357.6,2502.2,234.8
494,2019,Male,0 - 4 years,12.4,44.7,26.4,14.7,12.5,13.2,22.6,161.3,14.8
495,2019,Male,10 - 14 years,16.0,43.4,29.5,18.0,11.9,16.7,24.8,176.9,16.6
496,2019,Male,15 - 19 years,14.1,42.1,26.7,16.1,11.0,14.9,23.1,163.3,15.3
497,2019,Male,20 - 24 years,11.8,47.1,21.9,15.2,9.2,12.7,21.8,153.6,13.8
498,2019,Male,25 - 29 years,10.0,52.7,18.2,13.4,8.3,11.7,19.9,146.5,12.4
499,2019,Male,30 - 34 years,11.0,57.5,21.7,14.5,9.6,12.9,21.5,161.5,12.9
500,2019,Male,35 - 39 years,14.1,61.1,28.4,18.1,12.0,16.1,26.8,192.9,16.4
501,2019,Male,40 - 44 years,14.4,53.5,28.9,18.5,11.8,16.7,27.0,187.2,16.5
502,2019,Male,45 - 49 years,14.2,47.8,28.1,17.8,11.0,15.8,25.6,176.6,16.3
503,2019,Male,5 - 9 years,16.2,47.8,30.1,17.9,11.8,16.5,25.4,182.6,16.8
504,2019,Male,50 - 54 years,13.4,39.5,24.1,16.1,10.1,14.5,23.1,156.0,15.2
505,2019,Male,55 - 59 years,12.4,35.7,20.6,15.0,9.2,13.5,21.6,142.1,14.0
506,2019,Male,60 - 64 years,11.4,30.9,17.5,14.0,8.3,12.1,19.3,126.8,13.4
507,2019,Male,65 - 69 years,10.4,26.2,14.6,12.4,7.0,10.6,16.8,109.5,11.6
508,2019,Male,70 - 74 years,8.8,21.5,12.1,10.3,5.6,8.9,14.3,91.3,9.8
509,2019,Male,75 - 79 years,6.1,15.3,7.8,7.1,3.5,6.2,9.4,61.9,6.6
510,2019,Male,80 - 84 years,3.8,9.9,4.4,4.5,2.2,3.9,6.1,39.1,4.3
511,2019,Male,85 years and over,2.9,6.8,2.9,3.2,1.4,2.7,4.1,27.2,3.2
512,2019,Male,All ages,203.4,683.4,363.9,246.6,156.4,219.6,353.0,2456.3,230.0
513,2020,Both sexes,0 - 4 years,23.9,85.4,50.6,28.5,23.0,25.2,43.4,308.7,28.7
514,2020,Both sexes,10 - 14 years,31.3,88.5,59.7,35.2,23.3,33.2,50.2,354.7,33.3
515,2020,Both sexes,15 - 19 years,28.4,87.4,52.8,32.5,20.6,30.0,45.0,327.4,30.8
516,2020,Both sexes,20 - 24 years,24.4,98.2,43.3,30.6,17.1,26.2,43.2,310.5,27.6
517,2020,Both sexes,25 - 29 years,19.7,107.0,38.1,26.1,16.1,22.9,41.0,296.4,25.4
518,2020,Both sexes,30 - 34 years,22.6,117.6,45.6,29.0,19.1,25.5,45.1,331.6,27.0
519,2020,Both sexes,35 - 39 years,28.5,122.0,58.6,35.9,23.6,31.5,55.4,389.8,34.3
520,2020,Both sexes,40 - 44 years,30.0,114.4,61.5,37.6,24.0,33.8,57.5,394.3,35.6
521,2020,Both sexes,45 - 49 years,29.0,99.5,57.9,36.0,22.5,32.2,51.9,362.6,33.6
522,2020,Both sexes,5 - 9 years,30.3,92.3,58.2,33.9,22.3,31.6,49.2,350.2,32.5
523,2020,Both sexes,50 - 54 years,27.4,82.7,49.5,32.7,20.3,29.7,47.0,319.9,30.7
524,2020,Both sexes,55 - 59 years,25.5,76.2,43.6,30.7,18.7,28.1,44.3,296.0,28.9
525,2020,Both sexes,60 - 64 years,23.3,66.6,35.8,28.1,16.5,24.7,39.4,261.6,27.1
526,2020,Both sexes,65 - 69 years,21.1,56.8,30.7,25.3,14.3,21.9,34.6,228.7,24.1
527,2020,Both sexes,70 - 74 years,17.9,47.7,25.4,21.5,11.9,18.6,29.5,192.5,20.0
528,2020,Both sexes,75 - 79 years,12.9,35.3,17.6,15.5,8.0,13.7,21.2,138.5,14.4
529,2020,Both sexes,80 - 84 years,8.5,24.4,10.5,10.2,5.1,8.8,13.9,90.8,9.5
530,2020,Both sexes,85 years and over,7.5,20.5,8.1,8.6,3.5,7.5,11.4,75.6,8.7
531,2020,Both sexes,All ages,412.0,1422.4,747.2,497.9,309.9,444.9,723.3,5029.9,472.2
532,2020,Female,0 - 4 years,11.4,41.8,24.7,13.9,10.8,12.3,21.3,150.0,13.8
533,2020,Female,10 - 14 years,15.3,43.2,29.2,17.2,11.1,16.3,24.6,173.2,16.2
534,2020,Female,15 - 19 years,13.7,43.7,25.4,16.1,10.0,14.9,21.8,161.0,15.5
535,2020,Female,20 - 24 years,11.9,48.9,20.4,15.0,8.1,12.9,21.1,152.1,13.7
536,2020,Female,25 - 29 years,9.8,53.9,19.6,12.7,8.1,11.4,20.3,148.3,12.6
537,2020,Female,30 - 34 years,11.7,60.2,23.9,14.6,9.8,12.9,23.1,170.3,14.1
538,2020,Female,35 - 39 years,14.9,62.5,30.5,18.3,12.2,16.2,28.7,201.7,18.3
539,2020,Female,40 - 44 years,15.3,58.3,31.6,18.8,12.0,17.0,29.3,200.8,18.5
540,2020,Female,45 - 49 years,14.8,50.3,28.9,18.0,11.2,16.2,25.9,182.6,17.1
541,2020,Female,5 - 9 years,14.6,45.1,28.2,16.5,11.0,15.4,24.2,170.6,15.6
542,2020,Female,50 - 54 years,13.7,42.2,24.7,16.3,10.0,14.9,23.5,160.5,15.4
543,2020,Female,55 - 59 years,12.9,39.7,21.8,15.4,9.3,14.3,22.2,150.2,14.6
544,2020,Female,60 - 64 years,11.7,35.1,18.1,13.9,8.0,12.3,19.7,132.7,13.8
545,2020,Female,65 - 69 years,10.4,30.0,15.5,12.5,7.0,10.9,17.4,115.8,12.0
546,2020,Female,70 - 74 years,8.8,25.4,12.9,10.8,6.0,9.4,14.9,98.2,9.9
547,2020,Female,75 - 79 years,6.4,19.3,9.1,8.0,4.1,7.2,11.1,72.6,7.4
548,2020,Female,80 - 84 years,4.5,14.1,5.7,5.5,2.8,4.7,7.7,50.1,5.1
549,2020,Female,85 years and over,4.6,13.3,5.2,5.3,2.1,4.6,7.1,47.6,5.4
550,2020,Female,All ages,206.5,727.1,375.3,248.9,153.7,223.7,364.1,2538.1,238.9
551,2020,Male,0 - 4 years,12.5,43.6,25.9,14.6,12.2,12.9,22.1,158.8,14.9
552,2020,Male,10 - 14 years,15.9,45.3,30.5,18.1,12.2,16.9,25.6,181.6,17.1
553,2020,Male,15 - 19 years,14.7,43.7,27.4,16.4,10.7,15.1,23.2,166.4,15.3
554,2020,Male,20 - 24 years,12.4,49.2,22.8,15.7,9.1,13.3,22.1,158.4,13.9
555,2020,Male,25 - 29 years,10.0,53.1,18.6,13.4,8.0,11.5,20.7,148.1,12.9
556,2020,Male,30 - 34 years,10.9,57.4,21.7,14.5,9.2,12.6,22.0,161.2,12.9
557,2020,Male,35 - 39 years,13.6,59.5,28.1,17.6,11.4,15.3,26.6,188.1,16.0
558,2020,Male,40 - 44 years,14.7,56.0,29.9,18.8,11.9,16.8,28.2,193.5,17.1
559,2020,Male,45 - 49 years,14.2,49.2,29.0,18.0,11.3,16.0,26.0,180.1,16.5
560,2020,Male,5 - 9 years,15.7,47.2,30.0,17.3,11.3,16.2,25.0,179.6,16.8
561,2020,Male,50 - 54 years,13.7,40.6,24.8,16.5,10.3,14.8,23.5,159.4,15.4
562,2020,Male,55 - 59 years,12.6,36.5,21.8,15.3,9.4,13.8,22.1,145.8,14.3
563,2020,Male,60 - 64 years,11.6,31.5,17.8,14.2,8.4,12.4,19.7,128.9,13.3
564,2020,Male,65 - 69 years,10.7,26.8,15.2,12.8,7.3,11.0,17.1,113.0,12.1
565,2020,Male,70 - 74 years,9.1,22.3,12.5,10.7,5.9,9.2,14.6,94.3,10.1
566,2020,Male,75 - 79 years,6.5,15.9,8.5,7.5,3.8,6.6,10.1,65.9,7.1
567,2020,Male,80 - 84 years,4.0,10.3,4.8,4.7,2.3,4.0,6.2,40.7,4.4
568,2020,Male,85 years and over,2.8,7.1,2.9,3.3,1.4,2.8,4.3,28.0,3.3
569,2020,Male,All ages,205.5,695.4,372.0,249.1,156.1,221.2,359.2,2491.8,233.3
570,2021,Both sexes,0 - 4 years,24.5,82.4,48.4,28.4,22.3,24.9,41.9,300.9,28.0
571,2021,Both sexes,10 - 14 years,31.7,92.1,61.0,35.8,24.2,33.9,51.6,364.0,33.7
572,2021,Both sexes,15 - 19 years,27.8,86.4,53.2,32.5,21.4,30.5,46.1,329.0,31.0
573,2021,Both sexes,20 - 24 years,23.4,98.4,44.4,30.2,17.6,26.1,43.3,311.4,27.9
574,2021,Both sexes,25 - 29 years,19.7,107.6,37.5,26.2,16.4,22.7,40.0,294.8,24.8
575,2021,Both sexes,30 - 34 years,23.0,117.1,45.5,28.6,18.6,26.1,44.4,330.5,27.1
576,2021,Both sexes,35 - 39 years,28.4,120.9,57.8,34.9,23.3,31.1,53.3,383.0,33.3
577,2021,Both sexes,40 - 44 years,31.1,117.8,62.9,37.9,25.0,34.9,57.7,403.6,36.4
578,2021,Both sexes,45 - 49 years,29.4,100.8,59.2,36.2,22.6,32.8,53.1,368.2,33.9
579,2021,Both sexes,5 - 9 years,29.8,91.5,55.9,33.5,21.2,31.1,48.0,342.7,31.8
580,2021,Both sexes,50 - 54 years,28.1,86.0,51.3,33.3,20.8,30.5,48.1,329.5,31.5
581,2021,Both sexes,55 - 59 years,26.3,76.9,45.0,31.0,18.8,28.6,45.3,301.2,29.3
582,2021,Both sexes,60 - 64 years,24.1,67.8,37.1,28.6,17.0,25.8,40.5,268.5,27.5
583,2021,Both sexes,65 - 69 years,21.5,58.0,31.6,25.5,14.8,22.3,35.5,234.1,24.8
584,2021,Both sexes,70 - 74 years,18.4,48.5,26.1,21.7,12.2,18.8,30.1,196.2,20.4
585,2021,Both sexes,75 - 79 years,13.7,37.0,19.0,16.4,8.8,14.5,22.6,147.2,15.4
586,2021,Both sexes,80 - 84 years,8.6,24.7,10.9,10.2,5.2,9.0,14.1,92.4,9.8
587,2021,Both sexes,85 years and over,7.5,20.9,8.4,8.7,3.8,7.5,11.7,77.5,9.0
588,2021,Both sexes,All ages,417.1,1434.6,755.3,499.6,314.2,451.2,727.4,5074.7,475.4
589,2021,Female,0 - 4 years,11.8,40.6,23.6,13.8,10.5,12.1,20.7,146.8,13.7
590,2021,Female,10 - 14 years,15.7,45.3,29.9,17.5,11.6,16.7,25.4,178.5,16.4
591,2021,Female,15 - 19 years,13.5,42.7,25.8,15.9,10.4,15.1,22.7,161.4,15.3
592,2021,Female,20 - 24 years,11.8,48.9,21.4,14.6,8.4,12.9,21.3,153.1,13.9
593,2021,Female,25 - 29 years,9.7,54.1,19.1,13.0,8.2,11.4,19.7,147.3,12.2
594,2021,Female,30 - 34 years,11.8,59.6,23.8,14.5,9.6,13.4,22.9,169.4,13.8
595,2021,Female,35 - 39 years,14.7,62.1,30.3,17.9,12.0,16.2,27.9,198.7,17.5
596,2021,Female,40 - 44 years,15.9,59.4,32.4,19.3,12.6,17.9,29.8,206.1,18.7
597,2021,Female,45 - 49 years,14.9,50.7,29.7,18.2,11.3,16.5,26.5,185.1,17.2
598,2021,Female,5 - 9 years,14.3,44.6,27.0,16.4,10.7,14.9,23.4,166.7,15.3
599,2021,Female,50 - 54 years,13.9,43.6,25.5,16.5,10.3,15.3,23.9,164.7,15.7
600,2021,Female,55 - 59 years,13.2,39.8,22.4,15.6,9.4,14.6,22.6,152.2,14.7
601,2021,Female,60 - 64 years,12.1,35.3,18.7,14.2,8.4,13.0,20.3,135.8,13.9
602,2021,Female,65 - 69 years,10.6,30.8,16.0,12.5,7.3,11.1,17.8,118.6,12.4
603,2021,Female,70 - 74 years,9.1,25.7,13.3,10.9,6.2,9.3,15.2,99.8,10.1
604,2021,Female,75 - 79 years,6.8,20.2,9.8,8.5,4.6,7.5,11.7,76.8,7.8
605,2021,Female,80 - 84 years,4.5,14.2,5.9,5.5,2.8,4.9,7.7,50.8,5.2
606,2021,Female,85 years and over,4.6,13.7,5.4,5.4,2.3,4.7,7.4,49.0,5.5
607,2021,Female,All ages,208.9,731.1,380.0,250.2,156.7,227.5,367.0,2560.6,239.2
608,2021,Male,0 - 4 years,12.7,41.9,24.8,14.6,11.8,12.8,21.2,154.1,14.4
609,2021,Male,10 - 14 years,16.0,46.8,31.1,18.3,12.6,17.2,26.2,185.6,17.3
610,2021,Male,15 - 19 years,14.4,43.7,27.4,16.6,11.0,15.4,23.5,167.6,15.7
611,2021,Male,20 - 24 years,11.7,49.5,23.0,15.6,9.2,13.3,22.0,158.3,14.0
612,2021,Male,25 - 29 years,10.0,53.5,18.5,13.2,8.2,11.3,20.3,147.5,12.6
613,2021,Male,30 - 34 years,11.2,57.4,21.7,14.1,9.1,12.7,21.5,161.0,13.3
614,2021,Male,35 - 39 years,13.7,58.8,27.4,16.9,11.3,14.9,25.4,184.3,15.8
615,2021,Male,40 - 44 years,15.2,58.4,30.4,18.7,12.4,17.0,27.9,197.5,17.6
616,2021,Male,45 - 49 years,14.6,50.0,29.5,18.1,11.3,16.3,26.6,183.1,16.7
617,2021,Male,5 - 9 years,15.5,46.9,28.9,17.1,10.4,16.1,24.6,176.0,16.5
618,2021,Male,50 - 54 years,14.1,42.5,25.8,16.8,10.5,15.2,24.2,164.8,15.8
619,2021,Male,55 - 59 years,13.1,37.1,22.6,15.4,9.5,14.0,22.7,149.0,14.6
620,2021,Male,60 - 64 years,12.0,32.6,18.4,14.5,8.6,12.8,20.2,132.7,13.6
621,2021,Male,65 - 69 years,10.9,27.2,15.6,13.0,7.5,11.2,17.7,115.5,12.4
622,2021,Male,70 - 74 years,9.3,22.7,12.9,10.7,6.0,9.5,14.9,96.5,10.3
623,2021,Male,75 - 79 years,6.9,16.8,9.2,7.9,4.2,6.9,10.9,70.4,7.6
624,2021,Male,80 - 84 years,4.1,10.5,5.0,4.7,2.4,4.1,6.3,41.6,4.5
625,2021,Male,85 years and over,2.8,7.2,3.0,3.3,1.6,2.8,4.3,28.6,3.5
626,2021,Male,All ages,208.2,703.5,375.3,249.4,157.4,223.7,360.3,2514.0,236.2
627,2022,Both sexes,0 - 4 years,25.4,81.6,47.1,28.5,19.0,25.3,41.3,295.8,27.6
628,2022,Both sexes,10 - 14 years,32.3,96.8,62.4,36.6,25.2,34.3,52.8,374.9,34.5
629,2022,Both sexes,15 - 19 years,28.7,87.2,54.8,33.6,22.5,31.3,47.7,337.8,31.9
630,2022,Both sexes,20 - 24 years,22.6,98.8,45.1,29.7,18.2,25.7,43.4,311.9,28.5
631,2022,Both sexes,25 - 29 years,19.4,111.4,38.3,26.6,16.2,22.9,40.2,299.1,24.2
632,2022,Both sexes,30 - 34 years,23.0,118.1,46.1,29.1,18.9,26.5,44.9,334.5,27.8
633,2022,Both sexes,35 - 39 years,28.7,120.8,58.2,35.2,23.8,31.7,53.5,385.8,33.9
634,2022,Both sexes,40 - 44 years,31.7,121.5,65.1,38.7,25.6,35.7,58.8,414.7,37.5
635,2022,Both sexes,45 - 49 years,29.8,103.0,60.3,36.8,23.2,33.6,54.3,376.0,35.0
636,2022,Both sexes,5 - 9 years,29.2,91.4,56.0,32.9,22.9,30.7,48.3,343.6,32.2
637,2022,Both sexes,50 - 54 years,28.5,90.4,54.0,34.4,21.5,31.4,50.1,342.9,32.4
638,2022,Both sexes,55 - 59 years,26.6,79.2,46.1,32.2,19.3,29.7,46.5,309.7,30.2
639,2022,Both sexes,60 - 64 years,24.4,70.1,38.5,29.3,17.1,26.6,41.8,275.8,28.0
640,2022,Both sexes,65 - 69 years,22.1,59.5,32.8,26.2,14.9,23.1,36.5,240.5,25.5
641,2022,Both sexes,70 - 74 years,18.9,50.7,27.3,22.7,12.3,19.7,31.3,204.7,21.6
642,2022,Both sexes,75 - 79 years,14.4,38.7,20.5,17.1,9.3,15.1,23.9,155.0,16.0
643,2022,Both sexes,80 - 84 years,8.8,25.6,11.8,10.4,5.5,9.5,14.9,96.8,10.3
644,2022,Both sexes,85 years and over,7.8,23.4,9.4,8.8,4.9,7.9,12.8,84.4,9.4
645,2022,Both sexes,All ages,422.2,1468.4,774.0,508.7,320.3,460.7,743.0,5184.0,486.7
646,2022,Female,0 - 4 years,12.4,39.8,22.7,14.0,9.2,12.4,20.3,144.2,13.4
647,2022,Female,10 - 14 years,15.7,47.3,30.6,17.9,12.2,16.7,26.1,183.4,16.8
648,2022,Female,15 - 19 years,14.0,43.1,26.8,16.4,10.9,15.2,23.2,165.1,15.6
649,2022,Female,20 - 24 years,10.9,49.9,21.6,14.6,8.8,12.5,21.5,153.9,14.2
650,2022,Female,25 - 29 years,9.5,56.2,19.3,13.3,8.1,11.6,20.0,150.0,12.0
651,2022,Female,30 - 34 years,12.1,60.5,24.3,15.0,9.8,13.7,23.3,173.1,14.4
652,2022,Female,35 - 39 years,15.0,62.1,30.8,18.5,12.4,16.9,28.1,201.5,17.8
653,2022,Female,40 - 44 years,16.3,61.7,33.7,19.9,13.1,18.3,30.2,212.7,19.3
654,2022,Female,45 - 49 years,15.0,51.9,30.5,18.4,11.6,17.1,27.2,189.5,17.7
655,2022,Female,5 - 9 years,14.1,44.8,27.4,16.1,11.1,14.9,23.5,167.7,15.6
656,2022,Female,50 - 54 years,14.1,45.8,26.9,17.1,10.6,15.8,24.9,171.4,16.3
657,2022,Female,55 - 59 years,13.4,40.9,23.1,16.1,9.6,15.1,23.2,156.5,15.1
658,2022,Female,60 - 64 years,12.3,36.4,19.4,14.6,8.5,13.5,21.0,139.8,14.2
659,2022,Female,65 - 69 years,11.0,31.4,16.6,12.9,7.5,11.5,18.3,121.9,12.7
660,2022,Female,70 - 74 years,9.4,27.1,14.0,11.5,6.1,9.9,15.8,104.5,10.8
661,2022,Female,75 - 79 years,7.2,21.1,10.5,8.9,4.9,7.8,12.4,80.9,8.1
662,2022,Female,80 - 84 years,4.6,14.7,6.4,5.7,3.0,5.0,8.2,53.0,5.5
663,2022,Female,85 years and over,4.8,15.1,5.9,5.4,2.9,4.9,8.0,52.8,5.8
664,2022,Female,All ages,211.9,749.7,390.5,256.3,160.3,232.5,375.3,2622.0,245.5
665,2022,Male,0 - 4 years,13.0,41.9,24.4,14.5,9.7,12.9,21.0,151.6,14.2
666,2022,Male,10 - 14 years,16.5,49.5,31.8,18.7,13.0,17.5,26.7,191.5,17.7
667,2022,Male,15 - 19 years,14.7,44.1,28.1,17.2,11.6,16.1,24.5,172.6,16.2
668,2022,Male,20 - 24 years,11.6,49.0,23.5,15.1,9.4,13.2,21.9,158.0,14.3
669,2022,Male,25 - 29 years,9.8,55.2,18.9,13.3,8.1,11.3,20.2,149.1,12.2
670,2022,Male,30 - 34 years,11.0,57.6,21.9,14.1,9.1,12.8,21.6,161.4,13.4
671,2022,Male,35 - 39 years,13.7,58.8,27.4,16.7,11.4,14.8,25.4,184.3,16.1
672,2022,Male,40 - 44 years,15.4,59.8,31.4,18.8,12.5,17.4,28.6,202.1,18.2
673,2022,Male,45 - 49 years,14.8,51.1,29.8,18.4,11.6,16.5,27.1,186.5,17.3
674,2022,Male,5 - 9 years,15.0,46.6,28.6,16.9,11.7,15.8,24.7,175.9,16.6
675,2022,Male,50 - 54 years,14.4,44.7,27.2,17.3,10.9,15.7,25.2,171.4,16.2
676,2022,Male,55 - 59 years,13.2,38.2,23.0,16.1,9.7,14.7,23.3,153.2,15.1
677,2022,Male,60 - 64 years,12.0,33.7,19.2,14.7,8.7,13.1,20.8,136.0,13.8
678,2022,Male,65 - 69 years,11.1,28.1,16.1,13.2,7.5,11.6,18.1,118.6,12.8
679,2022,Male,70 - 74 years,9.5,23.7,13.3,11.2,6.2,9.8,15.5,100.2,10.8
680,2022,Male,75 - 79 years,7.1,17.6,9.9,8.2,4.5,7.4,11.5,74.1,7.9
681,2022,Male,80 - 84 years,4.2,10.9,5.4,4.8,2.5,4.4,6.7,43.7,4.8
682,2022,Male,85 years and over,3.0,8.3,3.6,3.4,1.9,3.0,4.8,31.6,3.6
683,2022,Male,All ages,210.3,718.7,383.5,252.4,160.0,228.2,367.7,2562.0,241.1
684,2023,Both sexes,0 - 4 years,25.6,83.0,45.8,27.9,18.3,25.2,40.5,293.8,27.5
685,2023,Both sexes,10 - 14 years,33.3,98.7,62.1,36.7,25.1,34.5,53.4,379.2,35.4
686,2023,Both sexes,15 - 19 years,29.8,88.7,56.6,35.8,23.4,33.0,49.5,349.5,32.7
687,2023,Both sexes,20 - 24 years,23.5,93.5,47.4,31.9,19.0,27.6,44.8,317.8,29.9
688,2023,Both sexes,25 - 29 years,20.5,112.1,38.9,28.3,16.9,23.6,42.1,308.5,26.1
689,2023,Both sexes,30 - 34 years,22.8,122.4,43.4,29.4,18.7,26.2,45.2,337.0,28.8
690,2023,Both sexes,35 - 39 years,28.3,124.8,55.1,35.0,23.2,31.1,52.8,384.5,34.2
691,2023,Both sexes,40 - 44 years,32.2,128.7,65.2,39.7,26.4,36.0,60.2,427.7,39.3
692,2023,Both sexes,45 - 49 years,30.5,106.4,60.2,36.9,23.5,33.8,55.5,382.7,35.9
693,2023,Both sexes,5 - 9 years,29.6,91.0,53.9,32.4,22.0,30.1,47.5,338.6,32.2
694,2023,Both sexes,50 - 54 years,29.1,94.4,55.9,35.3,22.0,32.5,51.7,354.5,33.6
695,2023,Both sexes,55 - 59 years,27.4,81.1,47.2,32.5,19.7,30.1,47.3,316.3,31.0
696,2023,Both sexes,60 - 64 years,25.2,73.3,39.8,29.9,17.7,27.6,43.2,285.2,28.5
697,2023,Both sexes,65 - 69 years,22.4,60.5,33.5,26.6,15.2,23.4,37.2,244.8,26.1
698,2023,Both sexes,70 - 74 years,19.5,52.1,28.0,23.3,12.8,20.2,32.3,210.5,22.3
699,2023,Both sexes,75 - 79 years,15.1,40.0,21.6,17.9,9.7,15.8,25.2,162.1,16.9
700,2023,Both sexes,80 - 84 years,9.3,26.6,12.7,11.0,5.9,9.9,15.6,101.8,10.8
701,2023,Both sexes,85 years and over,8.1,24.2,9.8,9.0,4.9,8.1,13.4,87.1,9.6
702,2023,Both sexes,All ages,432.1,1501.5,777.1,519.6,324.6,468.6,757.4,5281.6,500.8
703,2023,Female,0 - 4 years,12.8,40.6,22.3,13.8,9.0,12.5,20.0,144.6,13.6
704,2023,Female,10 - 14 years,16.3,48.1,30.4,17.9,12.2,17.0,26.2,185.3,17.2
705,2023,Female,15 - 19 years,14.1,43.8,27.5,17.9,11.5,15.7,24.6,170.7,15.8
706,2023,Female,20 - 24 years,11.2,46.5,22.6,16.2,9.4,13.2,22.3,156.5,14.9
707,2023,Female,25 - 29 years,10.0,56.5,19.2,14.3,8.3,11.8,20.9,153.8,13.0
708,2023,Female,30 - 34 years,11.9,62.3,22.6,15.3,9.6,13.6,23.3,173.6,14.9
709,2023,Female,35 - 39 years,14.8,64.0,29.2,18.6,12.2,16.6,27.7,201.2,18.1
710,2023,Female,40 - 44 years,16.7,65.6,33.7,20.8,13.6,18.8,31.2,221.0,20.5
711,2023,Female,45 - 49 years,15.4,53.8,30.7,18.7,11.9,17.4,28.1,194.0,18.2
712,2023,Female,5 - 9 years,14.6,44.3,26.1,15.9,10.8,14.6,23.1,165.2,15.8
713,2023,Female,50 - 54 years,14.5,47.9,27.9,17.6,10.9,16.5,25.9,178.0,16.8
714,2023,Female,55 - 59 years,13.8,41.9,23.7,16.3,9.8,15.4,23.9,160.2,15.4
715,2023,Female,60 - 64 years,12.7,38.1,20.1,14.9,8.8,14.2,21.9,145.0,14.3
716,2023,Female,65 - 69 years,11.2,32.0,17.0,13.2,7.6,11.7,18.7,124.6,13.2
717,2023,Female,70 - 74 years,9.7,27.9,14.4,11.7,6.4,10.3,16.4,107.9,11.2
718,2023,Female,75 - 79 years,7.7,21.7,11.1,9.3,5.0,8.1,12.9,84.3,8.4
719,2023,Female,80 - 84 years,4.8,15.2,6.9,5.9,3.2,5.2,8.6,55.6,5.8
720,2023,Female,85 years and over,4.9,15.5,6.0,5.5,3.0,5.0,8.1,53.9,5.9
721,2023,Female,All ages,217.2,765.6,391.3,263.9,163.2,237.5,383.8,2675.4,252.9
722,2023,Male,0 - 4 years,12.8,42.3,23.5,14.2,9.4,12.6,20.5,149.2,13.8
723,2023,Male,10 - 14 years,17.0,50.6,31.7,18.8,12.9,17.5,27.2,193.9,18.2
724,2023,Male,15 - 19 years,15.7,45.0,29.1,18.0,11.9,17.3,24.9,178.7,17.0
725,2023,Male,20 - 24 years,12.3,47.0,24.8,15.7,9.6,14.3,22.5,161.3,15.1
726,2023,Male,25 - 29 years,10.5,55.6,19.8,14.0,8.6,11.8,21.2,154.7,13.2
727,2023,Male,30 - 34 years,10.9,60.1,20.8,14.1,9.1,12.6,21.9,163.4,13.9
728,2023,Male,35 - 39 years,13.4,60.8,25.9,16.4,11.1,14.5,25.1,183.3,16.1
729,2023,Male,40 - 44 years,15.5,63.1,31.4,18.8,12.8,17.2,29.0,206.7,18.8
730,2023,Male,45 - 49 years,15.1,52.6,29.5,18.3,11.6,16.4,27.4,188.7,17.8
731,2023,Male,5 - 9 years,14.9,46.6,27.9,16.6,11.2,15.4,24.3,173.4,16.5
732,2023,Male,50 - 54 years,14.7,46.5,27.9,17.7,11.1,16.0,25.7,176.4,16.8
733,2023,Male,55 - 59 years,13.6,39.2,23.5,16.2,9.9,14.7,23.4,156.1,15.6
734,2023,Male,60 - 64 years,12.5,35.1,19.8,15.0,8.9,13.5,21.3,140.3,14.2
735,2023,Male,65 - 69 years,11.2,28.5,16.5,13.3,7.6,11.7,18.5,120.2,12.9
736,2023,Male,70 - 74 years,9.8,24.3,13.6,11.6,6.4,9.9,16.0,102.6,11.0
737,2023,Male,75 - 79 years,7.4,18.3,10.5,8.5,4.7,7.7,12.2,77.8,8.4
738,2023,Male,80 - 84 years,4.5,11.4,5.8,5.0,2.7,4.7,7.0,46.1,5.0
739,2023,Male,85 years and over,3.1,8.6,3.8,3.5,2.0,3.2,5.3,33.1,3.7
740,2023,Male,All ages,214.9,735.8,385.8,255.7,161.3,231.1,373.6,2606.2,247.9
